id,cnpj,rating_value,rating_date,source,outlook,observacao,report_url,created_by,created_at,updated_at
6092c665-611e-4d75-9c67-90ebf37773e0,02286479000108,AAA,,,,Importação legada do cadastro de empresas (data original desconhecida),,,2026-06-26 17:33:52.697246+00,2026-06-26 17:33:52.697246+00
6436b2e7-c7f5-4701-a4c9-0088ebc28ec9,02387241000160,AAA,,,,Importação legada do cadastro de empresas (data original desconhecida),,,2026-06-26 17:33:52.697246+00,2026-06-26 17:33:52.697246+00
d22a6b53-0bca-4270-a554-46a5b4db2370,48344725000719,A+,,,,Importação legada do cadastro de empresas (data original desconhecida),,,2026-06-26 17:33:52.697246+00,2026-06-26 17:33:52.697246+00
a43927fe-172c-4d8e-81fe-5618023915ce,08262121000113,Retirado,,,,Importação legada do cadastro de empresas (data original desconhecida),,,2026-06-26 17:33:52.697246+00,2026-06-26 17:33:52.697246+00
0af2e776-9815-4283-a430-ff38dcb522ef,12648266000124,C,,,,Importação legada do cadastro de empresas (data original desconhecida),,,2026-06-26 17:33:52.697246+00,2026-06-26 17:33:52.697246+00
8d6450bf-507b-40ed-abad-30462afe7ff7,01778972000174,A+,,,,Importação legada do cadastro de empresas (data original desconhecida),,,2026-06-26 17:33:52.697246+00,2026-06-26 17:33:52.697246+00
bd5da1bf-979d-49a9-86b4-93533442dad4,38482780000126,Retirado,,,,Importação legada do cadastro de empresas (data original desconhecida),,,2026-06-26 17:33:52.697246+00,2026-06-26 17:33:52.697246+00
4a9f0175-0bdc-45e4-925c-83765bcd193b,64904295000103,AA+,,,,Importação legada do cadastro de empresas (data original desconhecida),,,2026-06-26 17:33:52.697246+00,2026-06-26 17:33:52.697246+00
e42660b9-860d-4922-b399-8318e7416b84,06057223000171,AAA,,,,Importação legada do cadastro de empresas (data original desconhecida),,,2026-06-26 17:33:52.697246+00,2026-06-26 17:33:52.697246+00
6c2d1940-9f6a-47e8-bd3a-00547d91604d,37606330000135,AAA,,,,Importação legada do cadastro de empresas (data original desconhecida),,,2026-06-26 17:33:52.697246+00,2026-06-26 17:33:52.697246+00
701cd38a-c486-49f8-96fa-0d2d9f662dc8,11399666000180,BBB,,,,Importação legada do cadastro de empresas (data original desconhecida),,,2026-06-26 17:33:52.697246+00,2026-06-26 17:33:52.697246+00
55a133a1-d98c-4052-81d2-16512afd34f1,12049167000126,AAA,,,,Importação legada do cadastro de empresas (data original desconhecida),,,2026-06-26 17:33:52.697246+00,2026-06-26 17:33:52.697246+00
39daccef-cb97-4fd0-a71c-36c6154de287,28008887000183,AAA,,,,Importação legada do cadastro de empresas (data original desconhecida),,,2026-06-26 17:33:52.697246+00,2026-06-26 17:33:52.697246+00
aba8e79f-6f0c-4800-a872-37e759526741,24624490000165,AAA,,,,Importação legada do cadastro de empresas (data original desconhecida),,,2026-06-26 17:33:52.697246+00,2026-06-26 17:33:52.697246+00
8eafa1bd-d428-4294-bf44-366cbb0cf64a,20514590000188,AAA,,,,Importação legada do cadastro de empresas (data original desconhecida),,,2026-06-26 17:33:52.697246+00,2026-06-26 17:33:52.697246+00
ff2043e4-e399-4ee6-ad0d-cff0453c4a5c,20514555000169,AAA,,,,Importação legada do cadastro de empresas (data original desconhecida),,,2026-06-26 17:33:52.697246+00,2026-06-26 17:33:52.697246+00
57695e89-048d-4522-9929-77c9c277764a,09359927000197,A-,,,,Importação legada do cadastro de empresas (data original desconhecida),,,2026-06-26 17:33:52.697246+00,2026-06-26 17:33:52.697246+00
ece90f23-d028-48b2-953d-4b7f35bca600,23778492000146,AA,,,,Importação legada do cadastro de empresas (data original desconhecida),,,2026-06-26 17:33:52.697246+00,2026-06-26 17:33:52.697246+00
160e81f3-3553-40b4-be84-f57bdb5c57d3,38286323000166,AA,,,,Importação legada do cadastro de empresas (data original desconhecida),,,2026-06-26 17:33:52.697246+00,2026-06-26 17:33:52.697246+00
b63ad101-6efa-4db9-855a-af995f80fc25,75315333000109,AAA,,,,Importação legada do cadastro de empresas (data original desconhecida),,,2026-06-26 17:33:52.697246+00,2026-06-26 17:33:52.697246+00
cc8c441a-fec6-4b28-a46b-740fffd9a464,38213667000145,AAA,,,,Importação legada do cadastro de empresas (data original desconhecida),,,2026-06-26 17:33:52.697246+00,2026-06-26 17:33:52.697246+00
f472aa61-4f3f-4d9f-acbc-67f37328ece6,52948225000178,AAA,,,,Importação legada do cadastro de empresas (data original desconhecida),,,2026-06-26 17:33:52.697246+00,2026-06-26 17:33:52.697246+00
ed30e494-0632-4028-bcc0-ea20d3a36b4e,30997588000160,AAA,,,,Importação legada do cadastro de empresas (data original desconhecida),,,2026-06-26 17:33:52.697246+00,2026-06-26 17:33:52.697246+00
5e7d705a-49bb-47bd-b334-c6324d786a1e,49037416000173,AA,,,,Importação legada do cadastro de empresas (data original desconhecida),,,2026-06-26 17:33:52.697246+00,2026-06-26 17:33:52.697246+00
ca5beac7-7c98-476e-9fef-03b3fc439000,28594234000123,AAA,,,,Importação legada do cadastro de empresas (data original desconhecida),,,2026-06-26 17:33:52.697246+00,2026-06-26 17:33:52.697246+00
be600e28-059b-4878-b33f-b1168e47b3fc,09326342000170,AAA,,,,Importação legada do cadastro de empresas (data original desconhecida),,,2026-06-26 17:33:52.697246+00,2026-06-26 17:33:52.697246+00
88555260-42ef-4b73-af3b-b73000216125,09313969000197,AAA,,,,Importação legada do cadastro de empresas (data original desconhecida),,,2026-06-26 17:33:52.697246+00,2026-06-26 17:33:52.697246+00
f6435985-1e02-45b6-8b7a-32f94fc1a8f7,09336431000106,AAA,,,,Importação legada do cadastro de empresas (data original desconhecida),,,2026-06-26 17:33:52.697246+00,2026-06-26 17:33:52.697246+00
eb6c040f-695e-4a85-88fc-8e38797bbb98,46409396000126,BBB-,,,,Importação legada do cadastro de empresas (data original desconhecida),,,2026-06-26 17:33:52.697246+00,2026-06-26 17:33:52.697246+00
5135dcc8-44dc-4e4b-92de-9f2cc7aa2e94,03220438000173,AAA,,,,Importação legada do cadastro de empresas (data original desconhecida),,,2026-06-26 17:33:52.697246+00,2026-06-26 17:33:52.697246+00
ebfcb45a-efdb-4c3a-9106-55336e0ddf5c,16590234000176,AA+,,,,Importação legada do cadastro de empresas (data original desconhecida),,,2026-06-26 17:33:52.697246+00,2026-06-26 17:33:52.697246+00
6ec19778-56f4-4e6e-b8bf-2b0270116203,26680187000105,AA+,,,,Importação legada do cadastro de empresas (data original desconhecida),,,2026-06-26 17:33:52.697246+00,2026-06-26 17:33:52.697246+00
b15ec7a2-8841-4777-a130-2c8fa46bf843,14641895000158,AA-,,,,Importação legada do cadastro de empresas (data original desconhecida),,,2026-06-26 17:33:52.697246+00,2026-06-26 17:33:52.697246+00
f2776bbb-73f8-47b3-9508-3b48321b31df,01107327000120,Retirado,,,,Importação legada do cadastro de empresas (data original desconhecida),,,2026-06-26 17:33:52.697246+00,2026-06-26 17:33:52.697246+00
6e6cf8cb-1699-445f-90f9-4f5940992058,33839910000111,AAA,,,,Importação legada do cadastro de empresas (data original desconhecida),,,2026-06-26 17:33:52.697246+00,2026-06-26 17:33:52.697246+00
701d7554-42c6-40eb-a919-5b41cc8813fd,02919555000167,AAA,,,,Importação legada do cadastro de empresas (data original desconhecida),,,2026-06-26 17:33:52.697246+00,2026-06-26 17:33:52.697246+00
6b219c37-142e-4934-9bed-168b02472fa8,20223016000170,AAA,,,,Importação legada do cadastro de empresas (data original desconhecida),,,2026-06-26 17:33:52.697246+00,2026-06-26 17:33:52.697246+00
488ccde8-ca47-413e-b566-cb848adb3449,11371025000118,A-,,,,Importação legada do cadastro de empresas (data original desconhecida),,,2026-06-26 17:33:52.697246+00,2026-06-26 17:33:52.697246+00
eecb8187-1f14-4b43-b833-511436ab51d3,03467321000199,AAA,,,,Importação legada do cadastro de empresas (data original desconhecida),,,2026-06-26 17:33:52.697246+00,2026-06-26 17:33:52.697246+00
96ae8468-019f-44ea-9425-88080c13c12e,60659463002992,AAA,,,,Importação legada do cadastro de empresas (data original desconhecida),,,2026-06-26 17:33:52.697246+00,2026-06-26 17:33:52.697246+00
00a9a27c-299b-4200-b7f4-db64387ff1ae,60855574000173,A+,,,,Importação legada do cadastro de empresas (data original desconhecida),,,2026-06-26 17:33:52.697246+00,2026-06-26 17:33:52.697246+00
0b20a9d3-f17c-4bfe-8da1-82f13a12eaf8,83054478000121,AA-,,,,Importação legada do cadastro de empresas (data original desconhecida),,,2026-06-26 17:33:52.697246+00,2026-06-26 17:33:52.697246+00
d3080932-31af-45f5-abda-6a7a95adf86a,12528708000107,CCC-,,,,Importação legada do cadastro de empresas (data original desconhecida),,,2026-06-26 17:33:52.697246+00,2026-06-26 17:33:52.697246+00
8dc0363a-7e98-4027-821f-c79dc70afc88,14522178000107,Retirado,,,,Importação legada do cadastro de empresas (data original desconhecida),,,2026-06-26 17:33:52.697246+00,2026-06-26 17:33:52.697246+00
aca7eff3-5db3-4afb-abdd-95abf07ef1fb,06001492000116,AA+,,,,Importação legada do cadastro de empresas (data original desconhecida),,,2026-06-26 17:33:52.697246+00,2026-06-26 17:33:52.697246+00
9ca3042e-ad8e-4ef0-a1e2-f134c6143aa4,23399329000172,AA+,,,,Importação legada do cadastro de empresas (data original desconhecida),,,2026-06-26 17:33:52.697246+00,2026-06-26 17:33:52.697246+00
28fd91e2-e97d-4408-ae2b-44a96848578f,13642699000135,A,,,,Importação legada do cadastro de empresas (data original desconhecida),,,2026-06-26 17:33:52.697246+00,2026-06-26 17:33:52.697246+00
78cb08cd-7d9d-4eb4-8fba-be86b6fcb33e,26855869000101,A-,,,,Importação legada do cadastro de empresas (data original desconhecida),,,2026-06-26 17:33:52.697246+00,2026-06-26 17:33:52.697246+00
2e170f55-a7c8-40af-9b4d-afa878319148,01280003000199,AAA,,,,Importação legada do cadastro de empresas (data original desconhecida),,,2026-06-26 17:33:52.697246+00,2026-06-26 17:33:52.697246+00
e028f707-9669-444e-a060-c8cc11b1d522,42310775000103,A,,,,Importação legada do cadastro de empresas (data original desconhecida),,,2026-06-26 17:33:52.697246+00,2026-06-26 17:33:52.697246+00
f0619633-37e8-41fc-989c-af28ba8f8254,42644220000106,A,,,,Importação legada do cadastro de empresas (data original desconhecida),,,2026-06-26 17:33:52.697246+00,2026-06-26 17:33:52.697246+00
e5207929-0a62-4ba4-a670-164621d62167,45456117000112,A+,,,,Importação legada do cadastro de empresas (data original desconhecida),,,2026-06-26 17:33:52.697246+00,2026-06-26 17:33:52.697246+00
a4661db3-94d2-4bec-bfec-7fbc38a23fe3,23438929000100,A-,,,,Importação legada do cadastro de empresas (data original desconhecida),,,2026-06-26 17:33:52.697246+00,2026-06-26 17:33:52.697246+00
da585e5e-f3de-48ed-8145-7c1a5c8a0f52,23741508000146,CCC,,,,Importação legada do cadastro de empresas (data original desconhecida),,,2026-06-26 17:33:52.697246+00,2026-06-26 17:33:52.697246+00
1598d621-7530-4102-9907-1b4532393e63,58430828000160,AA+,,,,Importação legada do cadastro de empresas (data original desconhecida),,,2026-06-26 17:33:52.697246+00,2026-06-26 17:33:52.697246+00
418d67ba-80c2-4d60-a467-11b1a13b2eaa,34714313000123,CCC+,,,,Importação legada do cadastro de empresas (data original desconhecida),,,2026-06-26 17:33:52.697246+00,2026-06-26 17:33:52.697246+00
068804cb-d4a3-40b4-9aac-49c4f4f3b2f3,31109417000110,AAA,,,,Importação legada do cadastro de empresas (data original desconhecida),,,2026-06-26 17:33:52.697246+00,2026-06-26 17:33:52.697246+00
97fd0d2b-7e8b-4a3e-9d87-016551b57e8f,47509120000182,AAA,,,,Importação legada do cadastro de empresas (data original desconhecida),,,2026-06-26 17:33:52.697246+00,2026-06-26 17:33:52.697246+00
c04f2f04-3587-4a1e-942e-f1f5feaab1f7,35764708000101,AA-,,,,Importação legada do cadastro de empresas (data original desconhecida),,,2026-06-26 17:33:52.697246+00,2026-06-26 17:33:52.697246+00
d83f6e3c-2848-465d-b07f-4e1e0db12aa3,27665207000131,AA+,,,,Importação legada do cadastro de empresas (data original desconhecida),,,2026-06-26 17:33:52.697246+00,2026-06-26 17:33:52.697246+00
b1f5448a-dbaf-4785-8a68-02f1a3dff2ac,01838723000127,Retirado,,,,Importação legada do cadastro de empresas (data original desconhecida),,,2026-06-26 17:33:52.697246+00,2026-06-26 17:33:52.697246+00
c84a773f-b468-4c5d-900c-c4cb7cf333ab,39580673000101,AA-,,,,Importação legada do cadastro de empresas (data original desconhecida),,,2026-06-26 17:33:52.697246+00,2026-06-26 17:33:52.697246+00
7b15eab5-4a38-4818-9b75-8869b7d0edc5,13015402000101,AA,,,,Importação legada do cadastro de empresas (data original desconhecida),,,2026-06-26 17:33:52.697246+00,2026-06-26 17:33:52.697246+00
e16d5252-03a1-45c1-aff4-5786e364d63c,19246473000100,AAA,,,,Importação legada do cadastro de empresas (data original desconhecida),,,2026-06-26 17:33:52.697246+00,2026-06-26 17:33:52.697246+00
7d3cfbf8-facd-4380-9817-abc9ae7149e6,24396489000120,A+,,,,Importação legada do cadastro de empresas (data original desconhecida),,,2026-06-26 17:33:52.697246+00,2026-06-26 17:33:52.697246+00
af697029-2693-4358-89d0-88a47142ff6d,12321274000161,A,,,,Importação legada do cadastro de empresas (data original desconhecida),,,2026-06-26 17:33:52.697246+00,2026-06-26 17:33:52.697246+00
4758345a-e5cd-43df-b2d5-8156d4cc087c,03820456000196,AA+,,,,Importação legada do cadastro de empresas (data original desconhecida),,,2026-06-26 17:33:52.697246+00,2026-06-26 17:33:52.697246+00
615c915e-3f76-4fee-a864-4d9bf00ba13e,45242914000105,Retirado,,,,Importação legada do cadastro de empresas (data original desconhecida),,,2026-06-26 17:33:52.697246+00,2026-06-26 17:33:52.697246+00
9268ebb7-9097-4e9b-a84c-6030ba7e596e,05336882000184,AAA,,,,Importação legada do cadastro de empresas (data original desconhecida),,,2026-06-26 17:33:52.697246+00,2026-06-26 17:33:52.697246+00
908ecc5d-04ef-41fd-bf4b-135a77c50611,45024644000158,AA-,,,,Importação legada do cadastro de empresas (data original desconhecida),,,2026-06-26 17:33:52.697246+00,2026-06-26 17:33:52.697246+00
ca973f95-e8f6-4495-bd05-c74170a442cd,19560837000113,AA+,,,,Importação legada do cadastro de empresas (data original desconhecida),,,2026-06-26 17:33:52.697246+00,2026-06-26 17:33:52.697246+00
600b1d93-8e6a-40db-bbf8-321d276d96ec,12960213000144,AA,,,,Importação legada do cadastro de empresas (data original desconhecida),,,2026-06-26 17:33:52.697246+00,2026-06-26 17:33:52.697246+00
d78bc7b2-497a-47f3-9847-024f0d4849b3,34714322000114,A-,,,,Importação legada do cadastro de empresas (data original desconhecida),,,2026-06-26 17:33:52.697246+00,2026-06-26 17:33:52.697246+00
7e9adce9-fe8c-4f8b-ae2b-ceae89a1cc09,20732109000120,AAA,,,,Importação legada do cadastro de empresas (data original desconhecida),,,2026-06-26 17:33:52.697246+00,2026-06-26 17:33:52.697246+00
493de33a-8670-47e5-a2ef-a0201c83639c,34175529000168,AAA,,,,Importação legada do cadastro de empresas (data original desconhecida),,,2026-06-26 17:33:52.697246+00,2026-06-26 17:33:52.697246+00
b1ebebdf-d2b5-450d-b691-9e19e494f2d1,31001230000107,AA+,,,,Importação legada do cadastro de empresas (data original desconhecida),,,2026-06-26 17:33:52.697246+00,2026-06-26 17:33:52.697246+00
51096a42-2035-4d1f-bf4d-3eaaa54b1e92,08336783000190,AA,,,,Importação legada do cadastro de empresas (data original desconhecida),,,2026-06-26 17:33:52.697246+00,2026-06-26 17:33:52.697246+00
b55f87ed-588a-4d62-8091-f5137a60df18,06981176000158,AAA,,,,Importação legada do cadastro de empresas (data original desconhecida),,,2026-06-26 17:33:52.697246+00,2026-06-26 17:33:52.697246+00
a0fcf546-42b1-473e-8de7-ded622a5dab9,09341337000137,Retirado,,,,Importação legada do cadastro de empresas (data original desconhecida),,,2026-06-26 17:33:52.697246+00,2026-06-26 17:33:52.697246+00
59451515-c7ef-4038-8e0f-e76b8fc22455,24068977000109,AAA,,,,Importação legada do cadastro de empresas (data original desconhecida),,,2026-06-26 17:33:52.697246+00,2026-06-26 17:33:52.697246+00
45c0f662-3105-46e4-95e8-7e32d2ee6ff8,24069089000100,AAA,,,,Importação legada do cadastro de empresas (data original desconhecida),,,2026-06-26 17:33:52.697246+00,2026-06-26 17:33:52.697246+00
2576a5af-10fa-411a-9508-3b7bc895b824,42771949001883,Retirado,,,,Importação legada do cadastro de empresas (data original desconhecida),,,2026-06-26 17:33:52.697246+00,2026-06-26 17:33:52.697246+00
ddeb7f5f-5e36-47c0-8029-f9f494286231,08322396000103,AA,,,,Importação legada do cadastro de empresas (data original desconhecida),,,2026-06-26 17:33:52.697246+00,2026-06-26 17:33:52.697246+00
405df2d6-e4b8-4545-9f93-c27452d16896,20512213000100,CCC-,,,,Importação legada do cadastro de empresas (data original desconhecida),,,2026-06-26 17:33:52.697246+00,2026-06-26 17:33:52.697246+00
8719cc7f-0ce4-4895-81f7-a2bdd9f1a915,19014221000147,AAA,,,,Importação legada do cadastro de empresas (data original desconhecida),,,2026-06-26 17:33:52.697246+00,2026-06-26 17:33:52.697246+00
ad75852b-4b9d-44e4-9359-d09cd6ed2570,10319900000150,A,,,,Importação legada do cadastro de empresas (data original desconhecida),,,2026-06-26 17:33:52.697246+00,2026-06-26 17:33:52.697246+00
27838b5a-7730-4001-89db-87927131363a,01027058000191,AAA,,,,Importação legada do cadastro de empresas (data original desconhecida),,,2026-06-26 17:33:52.697246+00,2026-06-26 17:33:52.697246+00
f8f5e58e-5bf3-4f8d-a083-e83fc983cbdc,16619378000108,AA,,,,Importação legada do cadastro de empresas (data original desconhecida),,,2026-06-26 17:33:52.697246+00,2026-06-26 17:33:52.697246+00
ec3ebaea-adb5-4391-815e-1b10f1bf7544,40689707000171,AA-,,,,Importação legada do cadastro de empresas (data original desconhecida),,,2026-06-26 17:33:52.697246+00,2026-06-26 17:33:52.697246+00
71fba710-9590-42b8-b4bf-fcc13e146913,43514079000181,AAA,,,,Importação legada do cadastro de empresas (data original desconhecida),,,2026-06-26 17:33:52.697246+00,2026-06-26 17:33:52.697246+00
6a168234-a8a7-4e50-86ea-abb88d6c0bab,12420164000157,AA,,,,Importação legada do cadastro de empresas (data original desconhecida),,,2026-06-26 17:33:52.697246+00,2026-06-26 17:33:52.697246+00
2eabb4c7-1fd8-4677-a3a4-1bb20cd1e580,44330975000153,AAA,,,,Importação legada do cadastro de empresas (data original desconhecida),,,2026-06-26 17:33:52.697246+00,2026-06-26 17:33:52.697246+00
371d0246-fe60-48cc-b59f-b64d04d9c3ba,06220197000150,AA,,,,Importação legada do cadastro de empresas (data original desconhecida),,,2026-06-26 17:33:52.697246+00,2026-06-26 17:33:52.697246+00
b01563d0-eb29-4cea-8cc8-b5383b27f2fb,08334385000135,A+,,,,Importação legada do cadastro de empresas (data original desconhecida),,,2026-06-26 17:33:52.697246+00,2026-06-26 17:33:52.697246+00
72e46c2c-0023-4054-8fc6-87d1843ec9b6,05965546000109,AA+,,,,Importação legada do cadastro de empresas (data original desconhecida),,,2026-06-26 17:33:52.697246+00,2026-06-26 17:33:52.697246+00
b7a9080e-fde1-40cf-b9b3-040a96cfd507,15139629000194,AAA,,,,Importação legada do cadastro de empresas (data original desconhecida),,,2026-06-26 17:33:52.697246+00,2026-06-26 17:33:52.697246+00
c5a85bfe-d950-4f3c-b1b0-887463681341,34432153000120,AA+,,,,Importação legada do cadastro de empresas (data original desconhecida),,,2026-06-26 17:33:52.697246+00,2026-06-26 17:33:52.697246+00
a522b309-02e3-4613-a0dd-fbb2c0bd9bb9,61856571000117,AAA,,,,Importação legada do cadastro de empresas (data original desconhecida),,,2026-06-26 17:33:52.697246+00,2026-06-26 17:33:52.697246+00
3112868c-e157-441b-9c40-32436f9f1cbe,02016507000169,AAA,,,,Importação legada do cadastro de empresas (data original desconhecida),,,2026-06-26 17:33:52.697246+00,2026-06-26 17:33:52.697246+00
76432a3c-7e06-41a7-a5c5-59c92e7fe3b6,76484013000145,AAA,,,,Importação legada do cadastro de empresas (data original desconhecida),,,2026-06-26 17:33:52.697246+00,2026-06-26 17:33:52.697246+00
dcfce7c8-b382-4743-a674-108de4f33b2e,62070362000106,AA-,,,,Importação legada do cadastro de empresas (data original desconhecida),,,2026-06-26 17:33:52.697246+00,2026-06-26 17:33:52.697246+00
15c5b98c-70ff-46c0-8de8-74df6a55519c,10835932000108,AAA,,,,Importação legada do cadastro de empresas (data original desconhecida),,,2026-06-26 17:33:52.697246+00,2026-06-26 17:33:52.697246+00
0e580aaf-1528-44f8-a8c2-ac9fc2727a61,07047251000170,Retirado,,,,Importação legada do cadastro de empresas (data original desconhecida),,,2026-06-26 17:33:52.697246+00,2026-06-26 17:33:52.697246+00
6ee50b65-70d1-461a-bf9e-273a8f2a7227,08324196000181,AAA,,,,Importação legada do cadastro de empresas (data original desconhecida),,,2026-06-26 17:33:52.697246+00,2026-06-26 17:33:52.697246+00
44e29145-3e1b-4265-8707-81d6f2c12c3f,28925264000175,Retirado,,,,Importação legada do cadastro de empresas (data original desconhecida),,,2026-06-26 17:33:52.697246+00,2026-06-26 17:33:52.697246+00
d2875509-6780-411b-b52a-b9bcce6c5e8b,28942127000149,Retirado,,,,Importação legada do cadastro de empresas (data original desconhecida),,,2026-06-26 17:33:52.697246+00,2026-06-26 17:33:52.697246+00
c79c53c3-1bdb-441e-be54-45d53255a2eb,19527586000175,AA,,,,Importação legada do cadastro de empresas (data original desconhecida),,,2026-06-26 17:33:52.697246+00,2026-06-26 17:33:52.697246+00
42d5f754-55d0-43f3-8f4a-2357215b5a22,08467115000100,AA+,,,,Importação legada do cadastro de empresas (data original desconhecida),,,2026-06-26 17:33:52.697246+00,2026-06-26 17:33:52.697246+00
c42bbcae-91a6-4ab1-bdeb-9af930039430,39881421000104,BBB-,,,,Importação legada do cadastro de empresas (data original desconhecida),,,2026-06-26 17:33:52.697246+00,2026-06-26 17:33:52.697246+00
bc457985-c976-4285-b9e5-1e37327be173,53859112000169,AAA,,,,Importação legada do cadastro de empresas (data original desconhecida),,,2026-06-26 17:33:52.697246+00,2026-06-26 17:33:52.697246+00
debf4880-55c9-44b6-8ccf-fc70d5dae319,00535681000192,AAA,,,,Importação legada do cadastro de empresas (data original desconhecida),,,2026-06-26 17:33:52.697246+00,2026-06-26 17:33:52.697246+00
5dc1596a-26a2-488f-92c7-befa51d18c85,33050196000188,AAA,,,,Importação legada do cadastro de empresas (data original desconhecida),,,2026-06-26 17:33:52.697246+00,2026-06-26 17:33:52.697246+00
c75f6169-60a4-4a7c-96af-08222113eb37,04172213000151,AAA,,,,Importação legada do cadastro de empresas (data original desconhecida),,,2026-06-26 17:33:52.697246+00,2026-06-26 17:33:52.697246+00
2e437e20-d499-46ef-b7db-fa5d34a66b07,27137879000174,Retirado,,,,Importação legada do cadastro de empresas (data original desconhecida),,,2026-06-26 17:33:52.697246+00,2026-06-26 17:33:52.697246+00
4c61081e-98d7-486e-be6e-744c5c4098bf,37368315000104,Retirado,,,,Importação legada do cadastro de empresas (data original desconhecida),,,2026-06-26 17:33:52.697246+00,2026-06-26 17:33:52.697246+00
7aa0aae3-1b04-48dd-be5c-e0732d16d0bc,21389501000181,AA,,,,Importação legada do cadastro de empresas (data original desconhecida),,,2026-06-26 17:33:52.697246+00,2026-06-26 17:33:52.697246+00
84222771-5a97-44ff-8e77-3cfe57158f3d,20829557000147,AAA,,,,Importação legada do cadastro de empresas (data original desconhecida),,,2026-06-26 17:33:52.697246+00,2026-06-26 17:33:52.697246+00
ed3528bc-339d-451c-a876-0de318aaf664,10324624000118,AA,,,,Importação legada do cadastro de empresas (data original desconhecida),,,2026-06-26 17:33:52.697246+00,2026-06-26 17:33:52.697246+00
05101c3c-117c-47bb-96ec-d3f16a26f04d,02013199000118,AAA,,,,Importação legada do cadastro de empresas (data original desconhecida),,,2026-06-26 17:33:52.697246+00,2026-06-26 17:33:52.697246+00
c0962307-400b-4a4e-8dc0-bb946757cea2,10531501000158,Retirado,,,,Importação legada do cadastro de empresas (data original desconhecida),,,2026-06-26 17:33:52.697246+00,2026-06-26 17:33:52.697246+00
6cced0f8-7b13-464f-a1a9-0c7f86e39142,08822767000108,AA+,,,,Importação legada do cadastro de empresas (data original desconhecida),,,2026-06-26 17:33:52.697246+00,2026-06-26 17:33:52.697246+00
96a22dd1-dc1f-4f7b-a920-46969abb87fc,36128741000108,A,,,,Importação legada do cadastro de empresas (data original desconhecida),,,2026-06-26 17:33:52.697246+00,2026-06-26 17:33:52.697246+00
d5756967-c602-436d-a06c-366de3119b7a,29938085000135,AA,,,,Importação legada do cadastro de empresas (data original desconhecida),,,2026-06-26 17:33:52.697246+00,2026-06-26 17:33:52.697246+00
3ac63d2f-1e2f-4727-bd7a-809272d01e08,42288184000187,AA,,,,Importação legada do cadastro de empresas (data original desconhecida),,,2026-06-26 17:33:52.697246+00,2026-06-26 17:33:52.697246+00
910078eb-939e-44ce-8fab-1f52b1bbcada,10841050000155,AAA,,,,Importação legada do cadastro de empresas (data original desconhecida),,,2026-06-26 17:33:52.697246+00,2026-06-26 17:33:52.697246+00
3c1fca6b-bf7e-4f67-aec4-e19dd5073ea8,48851242000115,AA,,,,Importação legada do cadastro de empresas (data original desconhecida),,,2026-06-26 17:33:52.697246+00,2026-06-26 17:33:52.697246+00
27f34354-31a3-4547-8b6e-7dc4ecaff42c,32161500000100,A+,,,,Importação legada do cadastro de empresas (data original desconhecida),,,2026-06-26 17:33:52.697246+00,2026-06-26 17:33:52.697246+00
0404308e-7fa9-43d5-9b89-273d09ebabb5,03207703000183,AAA,,,,Importação legada do cadastro de empresas (data original desconhecida),,,2026-06-26 17:33:52.697246+00,2026-06-26 17:33:52.697246+00
28f058c0-fbbe-4e20-b425-aa65fd4c9f06,49314049000108,AA+,,,,Importação legada do cadastro de empresas (data original desconhecida),,,2026-06-26 17:33:52.697246+00,2026-06-26 17:33:52.697246+00
73c0f762-b18f-4c68-82ee-d4c32680a8d8,59196897000113,AAA,,,,Importação legada do cadastro de empresas (data original desconhecida),,,2026-06-26 17:33:52.697246+00,2026-06-26 17:33:52.697246+00
25551f7d-1a65-4fea-b28b-18bc1e516a1a,41315638000107,A+,,,,Importação legada do cadastro de empresas (data original desconhecida),,,2026-06-26 17:33:52.697246+00,2026-06-26 17:33:52.697246+00
8ef10622-fffb-4865-bc06-44778630eadd,44109598000127,AA+,,,,Importação legada do cadastro de empresas (data original desconhecida),,,2026-06-26 17:33:52.697246+00,2026-06-26 17:33:52.697246+00
4eaa2e0f-01f3-4ffd-99dd-87519b6a398d,82641325000118,AA,,,,Importação legada do cadastro de empresas (data original desconhecida),,,2026-06-26 17:33:52.697246+00,2026-06-26 17:33:52.697246+00
b9f19474-995b-4ba9-8fde-294f323d7448,15578569000106,Retirado,,,,Importação legada do cadastro de empresas (data original desconhecida),,,2026-06-26 17:33:52.697246+00,2026-06-26 17:33:52.697246+00
b0791b22-5156-43f1-81eb-f9158e129c1a,42206269000179,AA+,,,,Importação legada do cadastro de empresas (data original desconhecida),,,2026-06-26 17:33:52.697246+00,2026-06-26 17:33:52.697246+00
a2fb5e22-1a43-4099-8b07-0b69b316d659,42130537000116,AA+,,,,Importação legada do cadastro de empresas (data original desconhecida),,,2026-06-26 17:33:52.697246+00,2026-06-26 17:33:52.697246+00
84c72fb3-017d-4119-9616-c54cd3feb8b8,09387725000159,AA+,,,,Importação legada do cadastro de empresas (data original desconhecida),,,2026-06-26 17:33:52.697246+00,2026-06-26 17:33:52.697246+00
0e9db2c8-0576-411f-9d11-f9ed832c37de,42548035000100,AA,,,,Importação legada do cadastro de empresas (data original desconhecida),,,2026-06-26 17:33:52.697246+00,2026-06-26 17:33:52.697246+00
d3c17db1-edec-4534-aa0d-8d27810c85de,35593905000105,AAA,,,,Importação legada do cadastro de empresas (data original desconhecida),,,2026-06-26 17:33:52.697246+00,2026-06-26 17:33:52.697246+00
154531e3-4764-46b0-aa02-9e7e82e4eac9,02509491000126,AAA,,,,Importação legada do cadastro de empresas (data original desconhecida),,,2026-06-26 17:33:52.697246+00,2026-06-26 17:33:52.697246+00
17163aed-f6fa-49bc-8c4c-21660c557ee6,22163297000149,AA,,,,Importação legada do cadastro de empresas (data original desconhecida),,,2026-06-26 17:33:52.697246+00,2026-06-26 17:33:52.697246+00
35068f79-c364-4086-895d-4d5f0018788f,21581284000127,AAA,,,,Importação legada do cadastro de empresas (data original desconhecida),,,2026-06-26 17:33:52.697246+00,2026-06-26 17:33:52.697246+00
713cce2e-9ec7-4cb3-a4e1-fca745c76a75,51742485000120,AA,,,,Importação legada do cadastro de empresas (data original desconhecida),,,2026-06-26 17:33:52.697246+00,2026-06-26 17:33:52.697246+00
e3cf9e62-c922-43cc-8e08-b0cd3f0e1b96,10678505000163,Retirado,,,,Importação legada do cadastro de empresas (data original desconhecida),,,2026-06-26 17:33:52.697246+00,2026-06-26 17:33:52.697246+00
52287421-7957-492d-82c5-faf0562cbf06,48127012000108,A+,,,,Importação legada do cadastro de empresas (data original desconhecida),,,2026-06-26 17:33:52.697246+00,2026-06-26 17:33:52.697246+00
1af3c25a-8de5-4adb-b4b6-f974d0cd9009,13799190000109,AA,,,,Importação legada do cadastro de empresas (data original desconhecida),,,2026-06-26 17:33:52.697246+00,2026-06-26 17:33:52.697246+00
4121e6ad-94da-4eaf-9ddd-4681b944712b,08533336000121,AA,,,,Importação legada do cadastro de empresas (data original desconhecida),,,2026-06-26 17:33:52.697246+00,2026-06-26 17:33:52.697246+00
63ae3c4f-81dc-450f-ad7d-59617a5ce4af,05104205000130,AA-,,,,Importação legada do cadastro de empresas (data original desconhecida),,,2026-06-26 17:33:52.697246+00,2026-06-26 17:33:52.697246+00
75f9aa40-7d50-4b22-b64c-4ac52bfd02b8,71476527000135,A-,,,,Importação legada do cadastro de empresas (data original desconhecida),,,2026-06-26 17:33:52.697246+00,2026-06-26 17:33:52.697246+00
6dfba4ca-7315-4efa-8b44-8d97984ec663,06013760000110,AAA,,,,Importação legada do cadastro de empresas (data original desconhecida),,,2026-06-26 17:33:52.697246+00,2026-06-26 17:33:52.697246+00
a1daa18b-aedc-4d46-af15-87268b9abb63,23318135000103,AAA,,,,Importação legada do cadastro de empresas (data original desconhecida),,,2026-06-26 17:33:52.697246+00,2026-06-26 17:33:52.697246+00
38fa7e8b-c61f-404f-9e85-1e2a92712e3e,19126003000102,AAA,,,,Importação legada do cadastro de empresas (data original desconhecida),,,2026-06-26 17:33:52.697246+00,2026-06-26 17:33:52.697246+00
ece45486-ede2-494f-ba37-98c449072bfe,08845676000198,A-,,,,Importação legada do cadastro de empresas (data original desconhecida),,,2026-06-26 17:33:52.697246+00,2026-06-26 17:33:52.697246+00
2db08714-9ff6-42d3-94cf-444c5bb6b25e,15114494000102,AAA,,,,Importação legada do cadastro de empresas (data original desconhecida),,,2026-06-26 17:33:52.697246+00,2026-06-26 17:33:52.697246+00
34fedc11-8e8c-4172-adf3-9a358618d3b3,03953509000147,AAA,,,,Importação legada do cadastro de empresas (data original desconhecida),,,2026-06-26 17:33:52.697246+00,2026-06-26 17:33:52.697246+00
4aa4cd49-82c5-44a9-9437-52649cd5b92e,92715812000131,AAA,,,,Importação legada do cadastro de empresas (data original desconhecida),,,2026-06-26 17:33:52.697246+00,2026-06-26 17:33:52.697246+00
440346cc-7f78-4700-825b-80fa9d4a6539,10158356000101,A-,,,,Importação legada do cadastro de empresas (data original desconhecida),,,2026-06-26 17:33:52.697246+00,2026-06-26 17:33:52.697246+00
c0617fd1-0424-498a-b848-ca00cc1cdbee,41934221000114,Retirado,,,,Importação legada do cadastro de empresas (data original desconhecida),,,2026-06-26 17:33:52.697246+00,2026-06-26 17:33:52.697246+00
56094e53-8591-4016-bd0d-d033b2c7e3e1,10979076000164,AAA,,,,Importação legada do cadastro de empresas (data original desconhecida),,,2026-06-26 17:33:52.697246+00,2026-06-26 17:33:52.697246+00
e9c89417-94c8-4d66-a8bc-54bfde00fb7e,10760260000119,BB+,,,,Importação legada do cadastro de empresas (data original desconhecida),,,2026-06-26 17:33:52.697246+00,2026-06-26 17:33:52.697246+00
d84a0880-9c49-402e-9291-a6a2a4e73f78,41644220000135,AA-,,,,Importação legada do cadastro de empresas (data original desconhecida),,,2026-06-26 17:33:52.697246+00,2026-06-26 17:33:52.697246+00
2f387f7b-d526-495d-8b21-9a032e38a328,15190480000178,AA-,,,,Importação legada do cadastro de empresas (data original desconhecida),,,2026-06-26 17:33:52.697246+00,2026-06-26 17:33:52.697246+00
137a0855-ecb2-4085-898b-1312c4144d66,14797436000168,AA+,,,,Importação legada do cadastro de empresas (data original desconhecida),,,2026-06-26 17:33:52.697246+00,2026-06-26 17:33:52.697246+00
7c4b9d7f-ce0c-4c83-a586-5b9748a6c445,81106957000119,A,,,,Importação legada do cadastro de empresas (data original desconhecida),,,2026-06-26 17:33:52.697246+00,2026-06-26 17:33:52.697246+00
dc7ff645-339e-4eef-8f09-36c85fb163cc,65654303000173,Retirado,,,,Importação legada do cadastro de empresas (data original desconhecida),,,2026-06-26 17:33:52.697246+00,2026-06-26 17:33:52.697246+00
6303aff1-ef4a-4193-9f57-71b728746b0d,36238874000129,BBB+,,,,Importação legada do cadastro de empresas (data original desconhecida),,,2026-06-26 17:33:52.697246+00,2026-06-26 17:33:52.697246+00
44f8c366-674c-4595-adc6-4d080224b32d,24743678000122,AA,,,,Importação legada do cadastro de empresas (data original desconhecida),,,2026-06-26 17:33:52.697246+00,2026-06-26 17:33:52.697246+00
85026663-9949-4fc1-b43c-a599e1b2cf04,19208022000170,AA,,,,Importação legada do cadastro de empresas (data original desconhecida),,,2026-06-26 17:33:52.697246+00,2026-06-26 17:33:52.697246+00
f191f7c6-0119-4333-9a0c-2b1eaf6c3412,29884545000190,AAA,,,,Importação legada do cadastro de empresas (data original desconhecida),,,2026-06-26 17:33:52.697246+00,2026-06-26 17:33:52.697246+00
ec6a4b93-db85-4952-8615-ba1f614baca4,27831352000145,AAA,,,,Importação legada do cadastro de empresas (data original desconhecida),,,2026-06-26 17:33:52.697246+00,2026-06-26 17:33:52.697246+00
cb2ff15c-47e7-4421-b7e4-580de5d8c2c2,24870962000160,AAA,,,,Importação legada do cadastro de empresas (data original desconhecida),,,2026-06-26 17:33:52.697246+00,2026-06-26 17:33:52.697246+00
2983b140-f9bd-480c-8e32-2f14ad3f66ad,28438777000151,AA+,,,,Importação legada do cadastro de empresas (data original desconhecida),,,2026-06-26 17:33:52.697246+00,2026-06-26 17:33:52.697246+00
31316877-4e32-4313-af98-c693dc29c9dc,35980592000130,BBB+,,,,Importação legada do cadastro de empresas (data original desconhecida),,,2026-06-26 17:33:52.697246+00,2026-06-26 17:33:52.697246+00
493319e0-82be-406e-9830-f2db484740c7,04547015000125,BBB+,,,,Importação legada do cadastro de empresas (data original desconhecida),,,2026-06-26 17:33:52.697246+00,2026-06-26 17:33:52.697246+00
8a3837e1-12ef-420a-bd96-144d319a09e6,13788120000147,Retirado,,,,Importação legada do cadastro de empresas (data original desconhecida),,,2026-06-26 17:33:52.697246+00,2026-06-26 17:33:52.697246+00
ceb68c35-b85a-482b-97c3-9d156d1f9ffa,02328280000197,Retirado,,,,Importação legada do cadastro de empresas (data original desconhecida),,,2026-06-26 17:33:52.697246+00,2026-06-26 17:33:52.697246+00
b696a0e7-e778-46f4-9a9b-37754e7e920d,09347516000181,AA,,,,Importação legada do cadastro de empresas (data original desconhecida),,,2026-06-26 17:33:52.697246+00,2026-06-26 17:33:52.697246+00
06bce9de-6721-4b08-a786-d19f6a25b415,61695227000193,AAA,,,,Importação legada do cadastro de empresas (data original desconhecida),,,2026-06-26 17:33:52.697246+00,2026-06-26 17:33:52.697246+00
43bae82c-448c-4f4a-a359-f9896dfe5303,01968293000168,AA,,,,Importação legada do cadastro de empresas (data original desconhecida),,,2026-06-26 17:33:52.697246+00,2026-06-26 17:33:52.697246+00
47605a7f-cb81-420e-9c6e-ee4bc290ddf2,09053134000145,B-,,,,Importação legada do cadastro de empresas (data original desconhecida),,,2026-06-26 17:33:52.697246+00,2026-06-26 17:33:52.697246+00
2d037bb9-e2a8-49da-bfc9-5a7d70152dfc,10645019000149,D,,,,Importação legada do cadastro de empresas (data original desconhecida),,,2026-06-26 17:33:52.697246+00,2026-06-26 17:33:52.697246+00
7560ecbb-8ac6-41ad-b038-d031ddcab8ac,06626253000151,AA-,,,,Importação legada do cadastro de empresas (data original desconhecida),,,2026-06-26 17:33:52.697246+00,2026-06-26 17:33:52.697246+00
60b4566d-5abf-441d-aa25-19ce0ebda2fd,13504675000110,AA-,,,,Importação legada do cadastro de empresas (data original desconhecida),,,2026-06-26 17:33:52.697246+00,2026-06-26 17:33:52.697246+00
b4a5145f-787c-4081-bed5-e1f2862d6648,17200920000156,A-,,,,Importação legada do cadastro de empresas (data original desconhecida),,,2026-06-26 17:33:52.697246+00,2026-06-26 17:33:52.697246+00
5d7895f7-1aa3-458b-9ddb-5b4864a05871,18494537000110,AA,,,,Importação legada do cadastro de empresas (data original desconhecida),,,2026-06-26 17:33:52.697246+00,2026-06-26 17:33:52.697246+00
70bb7ecd-8f64-467d-bde0-43f661123bf4,26643937000179,AAA,,,,Importação legada do cadastro de empresas (data original desconhecida),,,2026-06-26 17:33:52.697246+00,2026-06-26 17:33:52.697246+00
8cdf9990-8319-4ed5-9aa0-0e046facf8dd,19046080000144,AA+,,,,Importação legada do cadastro de empresas (data original desconhecida),,,2026-06-26 17:33:52.697246+00,2026-06-26 17:33:52.697246+00
435711fb-a793-4cfc-b8a6-b382ff19efd9,19011479000190,AA+,,,,Importação legada do cadastro de empresas (data original desconhecida),,,2026-06-26 17:33:52.697246+00,2026-06-26 17:33:52.697246+00
e0d90383-b185-452b-b509-fbee99f6bde1,25176391000120,AAA,,,,Importação legada do cadastro de empresas (data original desconhecida),,,2026-06-26 17:33:52.697246+00,2026-06-26 17:33:52.697246+00
434a87ac-b55d-403e-99cf-e21f311a0b63,19527639000158,AAA,,,,Importação legada do cadastro de empresas (data original desconhecida),,,2026-06-26 17:33:52.697246+00,2026-06-26 17:33:52.697246+00
66941bae-d4fb-4a3c-a486-3ce5bf68e8d8,05914650000166,AA+,,,,Importação legada do cadastro de empresas (data original desconhecida),,,2026-06-26 17:33:52.697246+00,2026-06-26 17:33:52.697246+00
589acd23-8c38-4d51-a5ec-78be5024e8b9,30590978000111,AAA,,,,Importação legada do cadastro de empresas (data original desconhecida),,,2026-06-26 17:33:52.697246+00,2026-06-26 17:33:52.697246+00
e6160bbb-bb24-4aa2-a319-09cc6f970cfa,13017462000163,AAA,,,,Importação legada do cadastro de empresas (data original desconhecida),,,2026-06-26 17:33:52.697246+00,2026-06-26 17:33:52.697246+00
8330e2f1-2be8-40b1-8394-10980c2371b3,02474103000119,AAA,,,,Importação legada do cadastro de empresas (data original desconhecida),,,2026-06-26 17:33:52.697246+00,2026-06-26 17:33:52.697246+00
ef2f8b9a-075c-40f7-a901-d42b6b6dfbb7,36030967000163,AAA,,,,Importação legada do cadastro de empresas (data original desconhecida),,,2026-06-26 17:33:52.697246+00,2026-06-26 17:33:52.697246+00
8871abfd-b605-470e-b0ed-5056b0286c4f,26664057000189,AA+,,,,Importação legada do cadastro de empresas (data original desconhecida),,,2026-06-26 17:33:52.697246+00,2026-06-26 17:33:52.697246+00
1b913add-9b7f-4d2d-986e-5d069dcd92f9,09527023000123,D,,,,Importação legada do cadastro de empresas (data original desconhecida),,,2026-06-26 17:33:52.697246+00,2026-06-26 17:33:52.697246+00
eec741f3-5876-444c-b46e-4afbbe29e594,24011952000179,A-,,,,Importação legada do cadastro de empresas (data original desconhecida),,,2026-06-26 17:33:52.697246+00,2026-06-26 17:33:52.697246+00
5734b354-baac-47c4-82fc-dd450018c50c,23441056000187,BBB,,,,Importação legada do cadastro de empresas (data original desconhecida),,,2026-06-26 17:33:52.697246+00,2026-06-26 17:33:52.697246+00
5fb84c03-74c0-47f2-ae4a-a73359eeb6c7,12272084000100,AAA,,,,Importação legada do cadastro de empresas (data original desconhecida),,,2026-06-26 17:33:52.697246+00,2026-06-26 17:33:52.697246+00
5b0887b4-2ab6-4fc1-abb6-9379838c473b,06840748000189,AAA,,,,Importação legada do cadastro de empresas (data original desconhecida),,,2026-06-26 17:33:52.697246+00,2026-06-26 17:33:52.697246+00
594c6ead-51c7-443a-b37f-da5beb232224,23520790000131,Retirado,,,,Importação legada do cadastro de empresas (data original desconhecida),,,2026-06-26 17:33:52.697246+00,2026-06-26 17:33:52.697246+00
98fc578b-235d-4ffa-ba65-af9933500253,26845650000121,AAA,,,,Importação legada do cadastro de empresas (data original desconhecida),,,2026-06-26 17:33:52.697246+00,2026-06-26 17:33:52.697246+00
5d4f9d87-9600-49b8-a639-2570e936114c,26845497000132,AAA,,,,Importação legada do cadastro de empresas (data original desconhecida),,,2026-06-26 17:33:52.697246+00,2026-06-26 17:33:52.697246+00
9b20ff0d-7857-4ffc-9edc-a42a33d229db,26845460000104,AAA,,,,Importação legada do cadastro de empresas (data original desconhecida),,,2026-06-26 17:33:52.697246+00,2026-06-26 17:33:52.697246+00
d327711e-1926-4746-a085-323bc8659a03,26845283000166,AAA,,,,Importação legada do cadastro de empresas (data original desconhecida),,,2026-06-26 17:33:52.697246+00,2026-06-26 17:33:52.697246+00
22742928-05f2-4868-a478-79c16a615a68,26845702000160,AA+,,,,Importação legada do cadastro de empresas (data original desconhecida),,,2026-06-26 17:33:52.697246+00,2026-06-26 17:33:52.697246+00
a3d34ce9-905c-4a13-9198-d24a67be971b,27967244000102,AA+,,,,Importação legada do cadastro de empresas (data original desconhecida),,,2026-06-26 17:33:52.697246+00,2026-06-26 17:33:52.697246+00
10c44036-f5ad-454c-a4d9-17dd35c57e00,15385166000140,BBB+,,,,Importação legada do cadastro de empresas (data original desconhecida),,,2026-06-26 17:33:52.697246+00,2026-06-26 17:33:52.697246+00
d95e2515-d74a-4f8f-873c-a86ec57f85a1,07802794000156,AA+,,,,Importação legada do cadastro de empresas (data original desconhecida),,,2026-06-26 17:33:52.697246+00,2026-06-26 17:33:52.697246+00
a3d544de-5c38-41e7-9bca-bbfd74cfdce2,25224629000146,AAA,,,,Importação legada do cadastro de empresas (data original desconhecida),,,2026-06-26 17:33:52.697246+00,2026-06-26 17:33:52.697246+00
61fd6401-dd07-4cee-be4b-86d657f212b9,25224658000108,AAA,,,,Importação legada do cadastro de empresas (data original desconhecida),,,2026-06-26 17:33:52.697246+00,2026-06-26 17:33:52.697246+00
bf265a7b-9245-4353-865b-79566cf1268c,61190096000192,AAA,,,,Importação legada do cadastro de empresas (data original desconhecida),,,2026-06-26 17:33:52.697246+00,2026-06-26 17:33:52.697246+00
cfc100b7-02a5-4919-a256-6f7a44e6d76e,31191534000176,AAA,,,,Importação legada do cadastro de empresas (data original desconhecida),,,2026-06-26 17:33:52.697246+00,2026-06-26 17:33:52.697246+00
f8abe202-a4eb-4e92-b858-87f2278539c4,48904104000157,AA+,,,,Importação legada do cadastro de empresas (data original desconhecida),,,2026-06-26 17:33:52.697246+00,2026-06-26 17:33:52.697246+00
9ad59267-a1d5-40ad-bc41-c56030c85948,12489315000123,AA,,,,Importação legada do cadastro de empresas (data original desconhecida),,,2026-06-26 17:33:52.697246+00,2026-06-26 17:33:52.697246+00
85d534d5-0b4c-4af9-af0d-2783f1250304,00924429000175,AAA,,,,Importação legada do cadastro de empresas (data original desconhecida),,,2026-06-26 17:33:52.697246+00,2026-06-26 17:33:52.697246+00
03ba2c98-964d-49d6-8b12-9f01051d311d,09257877000137,AAA,,,,Importação legada do cadastro de empresas (data original desconhecida),,,2026-06-26 17:33:52.697246+00,2026-06-26 17:33:52.697246+00
84dca0ef-339c-461c-b5a9-43f8db5b19bd,36619747000170,AA-,,,,Importação legada do cadastro de empresas (data original desconhecida),,,2026-06-26 17:33:52.697246+00,2026-06-26 17:33:52.697246+00
118a3312-daac-4778-b34b-f569ad3297bf,60840055000131,AAA,,,,Importação legada do cadastro de empresas (data original desconhecida),,,2026-06-26 17:33:52.697246+00,2026-06-26 17:33:52.697246+00
0aa1e2dc-2966-4a78-bb7e-61eb74d5e5f2,41890246000163,A,,,,Importação legada do cadastro de empresas (data original desconhecida),,,2026-06-26 17:33:52.697246+00,2026-06-26 17:33:52.697246+00
73cfe630-5574-45d8-9ac3-6ecdbc337fca,07823262000103,AAA,,,,Importação legada do cadastro de empresas (data original desconhecida),,,2026-06-26 17:33:52.697246+00,2026-06-26 17:33:52.697246+00
f8dd5963-5d28-453d-ba4a-3130c3b8d34f,23274194000119,AAA,,,,Importação legada do cadastro de empresas (data original desconhecida),,,2026-06-26 17:33:52.697246+00,2026-06-26 17:33:52.697246+00
872a3c41-3a9f-4d08-b9fa-910dc1dfc531,41774224000138,D,,,,Importação legada do cadastro de empresas (data original desconhecida),,,2026-06-26 17:33:52.697246+00,2026-06-26 17:33:52.697246+00
a4352a67-5159-4c22-a40a-20229bee8be4,34731244000166,AA+,,,,Importação legada do cadastro de empresas (data original desconhecida),,,2026-06-26 17:33:52.697246+00,2026-06-26 17:33:52.697246+00
c976478b-abf0-463a-aa3c-96756088b4ff,19953139000188,A+,,,,Importação legada do cadastro de empresas (data original desconhecida),,,2026-06-26 17:33:52.697246+00,2026-06-26 17:33:52.697246+00
7c72cc32-2f01-435c-b047-0ced8870381f,14080223000110,BBB-,,,,Importação legada do cadastro de empresas (data original desconhecida),,,2026-06-26 17:33:52.697246+00,2026-06-26 17:33:52.697246+00
391d703b-0bb7-4c65-940c-b2c40ac5e6bd,33611500000119,AAA,,,,Importação legada do cadastro de empresas (data original desconhecida),,,2026-06-26 17:33:52.697246+00,2026-06-26 17:33:52.697246+00
79e83b52-66c7-493f-9518-73f3d544a6e2,11708279000189,AAA,,,,Importação legada do cadastro de empresas (data original desconhecida),,,2026-06-26 17:33:52.697246+00,2026-06-26 17:33:52.697246+00
b62643dd-12f7-4ead-a3db-cf44e66b8050,33041260065290,BBB-,,,,Importação legada do cadastro de empresas (data original desconhecida),,,2026-06-26 17:33:52.697246+00,2026-06-26 17:33:52.697246+00
4242e90a-be6e-49e7-87e6-f6a9a71684ff,04972092000122,A-,,,,Importação legada do cadastro de empresas (data original desconhecida),,,2026-06-26 17:33:52.697246+00,2026-06-26 17:33:52.697246+00
100dbeb7-f904-48f6-b6b6-7c438245a560,08397078000101,A,,,,Importação legada do cadastro de empresas (data original desconhecida),,,2026-06-26 17:33:52.697246+00,2026-06-26 17:33:52.697246+00
79d1f878-c971-4a7f-a301-13bded8f61b8,15286437000100,AAA,,,,Importação legada do cadastro de empresas (data original desconhecida),,,2026-06-26 17:33:52.697246+00,2026-06-26 17:33:52.697246+00
a3111394-ed6d-4b77-8379-d852b1adb476,08402943000152,A+,,,,Importação legada do cadastro de empresas (data original desconhecida),,,2026-06-26 17:33:52.697246+00,2026-06-26 17:33:52.697246+00
71297715-a993-4dc4-86f4-3ca006af0c37,32431519000110,AA-,,,,Importação legada do cadastro de empresas (data original desconhecida),,,2026-06-26 17:33:52.697246+00,2026-06-26 17:33:52.697246+00
2ee6afb3-15b9-4632-a3ef-355c58f30ee5,12648327000153,AAA,,,,Importação legada do cadastro de empresas (data original desconhecida),,,2026-06-26 17:33:52.697246+00,2026-06-26 17:33:52.697246+00
68e46e73-529a-4520-9fa8-88d115146cfd,27902165000105,A-,,,,Importação legada do cadastro de empresas (data original desconhecida),,,2026-06-26 17:33:52.697246+00,2026-06-26 17:33:52.697246+00
4d55e13f-d009-41f6-b60c-ba74d91aa11f,18903785000178,AAA,,,,Importação legada do cadastro de empresas (data original desconhecida),,,2026-06-26 17:33:52.697246+00,2026-06-26 17:33:52.697246+00
b39d2739-34e8-4d17-8ccd-5dc1408b9657,02560878000107,A-,,,,Importação legada do cadastro de empresas (data original desconhecida),,,2026-06-26 17:33:52.697246+00,2026-06-26 17:33:52.697246+00
5367afe2-6633-4c68-ac2e-faf6f54bd291,25249439000183,BBB-,,,,Importação legada do cadastro de empresas (data original desconhecida),,,2026-06-26 17:33:52.697246+00,2026-06-26 17:33:52.697246+00
3241332c-ee75-4003-8d4a-9111acbca4fe,43167616000164,AAA,,,,Importação legada do cadastro de empresas (data original desconhecida),,,2026-06-26 17:33:52.697246+00,2026-06-26 17:33:52.697246+00
e823175a-aeb8-4f6b-af5b-4ae9c351aae3,02932074000191,AA+,,,,Importação legada do cadastro de empresas (data original desconhecida),,,2026-06-26 17:33:52.697246+00,2026-06-26 17:33:52.697246+00
438032ba-be0f-4cdb-97b1-21b3125792d9,42353180000135,AAA,,,,Importação legada do cadastro de empresas (data original desconhecida),,,2026-06-26 17:33:52.697246+00,2026-06-26 17:33:52.697246+00
9383a643-8a45-4d09-be93-8845e712aa50,08159965000133,A,,,,Importação legada do cadastro de empresas (data original desconhecida),,,2026-06-26 17:33:52.697246+00,2026-06-26 17:33:52.697246+00
3d5cd1a6-d5c5-4cfd-b939-ad830f900db5,58070452000120,A,,,,Importação legada do cadastro de empresas (data original desconhecida),,,2026-06-26 17:33:52.697246+00,2026-06-26 17:33:52.697246+00
d1ce8031-f709-4857-88a1-54ea64c7a243,60884855000154,AA,,,,Importação legada do cadastro de empresas (data original desconhecida),,,2026-06-26 17:33:52.697246+00,2026-06-26 17:33:52.697246+00
56c8f92e-907b-4c3c-92eb-ab3dcc58c3d8,05208211000138,AAA,,,,Importação legada do cadastro de empresas (data original desconhecida),,,2026-06-26 17:33:52.697246+00,2026-06-26 17:33:52.697246+00
1a44c783-2602-46b9-b3fe-568eed9b9b26,09054385000144,B,,,,Importação legada do cadastro de empresas (data original desconhecida),,,2026-06-26 17:33:52.697246+00,2026-06-26 17:33:52.697246+00
105ee78e-c4df-4a1d-903a-b2aa27d7b532,35822503000127,AA,,,,Importação legada do cadastro de empresas (data original desconhecida),,,2026-06-26 17:33:52.697246+00,2026-06-26 17:33:52.697246+00
52e5991f-4b3a-4824-ab30-f2b835af91ac,07799081000180,Retirado,,,,Importação legada do cadastro de empresas (data original desconhecida),,,2026-06-26 17:33:52.697246+00,2026-06-26 17:33:52.697246+00
fc5305a9-e78b-4015-bc39-d9758ee6b7bb,03758318000124,D,,,,Importação legada do cadastro de empresas (data original desconhecida),,,2026-06-26 17:33:52.697246+00,2026-06-26 17:33:52.697246+00
e495035f-7583-42d2-9cac-f226c866cbf7,37070559000106,AA,,,,Importação legada do cadastro de empresas (data original desconhecida),,,2026-06-26 17:33:52.697246+00,2026-06-26 17:33:52.697246+00
f865ee1b-addb-4d25-8fd4-a7a9c7ebc4f5,33376989000191,AA+,,,,Importação legada do cadastro de empresas (data original desconhecida),,,2026-06-26 17:33:52.697246+00,2026-06-26 17:33:52.697246+00
a7d43186-1d31-42f3-9a64-4e51177e274d,02397080000196,AA+,,,,Importação legada do cadastro de empresas (data original desconhecida),,,2026-06-26 17:33:52.697246+00,2026-06-26 17:33:52.697246+00
680c009e-56cc-44a8-a97b-81c4256145ec,01317277000105,AA,,,,Importação legada do cadastro de empresas (data original desconhecida),,,2026-06-26 17:33:52.697246+00,2026-06-26 17:33:52.697246+00
11939453-f2e7-48b5-9c45-9a7c069bb7fa,13234214000174,AAA,,,,Importação legada do cadastro de empresas (data original desconhecida),,,2026-06-26 17:33:52.697246+00,2026-06-26 17:33:52.697246+00
2c95e3a3-eadc-4074-9ab8-a5a2474a556e,27816584000124,A+,,,,Importação legada do cadastro de empresas (data original desconhecida),,,2026-06-26 17:33:52.697246+00,2026-06-26 17:33:52.697246+00
82d5ad5a-f91f-4c27-8d78-6b95c6cd5b45,08583456000133,Retirado,,,,Importação legada do cadastro de empresas (data original desconhecida),,,2026-06-26 17:33:52.697246+00,2026-06-26 17:33:52.697246+00
c065092f-dd1a-4faf-b5ed-93b64ced9a55,52548435000179,AA+,,,,Importação legada do cadastro de empresas (data original desconhecida),,,2026-06-26 17:33:52.697246+00,2026-06-26 17:33:52.697246+00
84eed646-0ca4-49dd-863a-9a70eb18fe12,09146451000106,BB+,,,,Importação legada do cadastro de empresas (data original desconhecida),,,2026-06-26 17:33:52.697246+00,2026-06-26 17:33:52.697246+00
1a86941b-ab20-4232-b259-a57dba1e36d7,89637490000145,AAA,,,,Importação legada do cadastro de empresas (data original desconhecida),,,2026-06-26 17:33:52.697246+00,2026-06-26 17:33:52.697246+00
f1286657-1b14-4474-92a7-7cfbee87e574,13270520000166,Retirado,,,,Importação legada do cadastro de empresas (data original desconhecida),,,2026-06-26 17:33:52.697246+00,2026-06-26 17:33:52.697246+00
64c3efc6-3d1d-4e7b-96d9-78ea2d5a28a2,21540697000163,AA+,,,,Importação legada do cadastro de empresas (data original desconhecida),,,2026-06-26 17:33:52.697246+00,2026-06-26 17:33:52.697246+00
32c40865-6e7e-463f-8564-80f9ba3920d5,04368865000166,D,,,,Importação legada do cadastro de empresas (data original desconhecida),,,2026-06-26 17:33:52.697246+00,2026-06-26 17:33:52.697246+00
6912f1d6-6f56-4f28-97c5-1c2f3ad7500b,14395590000103,AA+,,,,Importação legada do cadastro de empresas (data original desconhecida),,,2026-06-26 17:33:52.697246+00,2026-06-26 17:33:52.697246+00
dfce431d-3135-4cc9-af63-d29f79344015,10240186000100,AA+,,,,Importação legada do cadastro de empresas (data original desconhecida),,,2026-06-26 17:33:52.697246+00,2026-06-26 17:33:52.697246+00
facb3934-e4c3-41f3-befc-7a86bf3cc1bb,05917486000140,A,,,,Importação legada do cadastro de empresas (data original desconhecida),,,2026-06-26 17:33:52.697246+00,2026-06-26 17:33:52.697246+00
0782ba75-d018-4776-a0c7-1365f52aa203,09041168000110,AA+,,,,Importação legada do cadastro de empresas (data original desconhecida),,,2026-06-26 17:33:52.697246+00,2026-06-26 17:33:52.697246+00
e7f3269f-fe5e-4d19-8980-b1ab4915e391,92754738000162,Retirado,,,,Importação legada do cadastro de empresas (data original desconhecida),,,2026-06-26 17:33:52.697246+00,2026-06-26 17:33:52.697246+00
e61bcd90-e2ac-4782-97fa-fef0e58faf40,12294194000164,C,,,,Importação legada do cadastro de empresas (data original desconhecida),,,2026-06-26 17:33:52.697246+00,2026-06-26 17:33:52.697246+00
e6d2c0c5-5628-47e8-9375-7ff396d32c72,47960950000121,AA-,,,,Importação legada do cadastro de empresas (data original desconhecida),,,2026-06-26 17:33:52.697246+00,2026-06-26 17:33:52.697246+00
b7d98f9a-8af0-4e8c-b03b-74bff4cd52fc,03264927000127,AA-,,,,Importação legada do cadastro de empresas (data original desconhecida),,,2026-06-26 17:33:52.697246+00,2026-06-26 17:33:52.697246+00
d6c8caa9-6d7d-4ee8-80b9-8e76a648d609,09584854000137,AAA,,,,Importação legada do cadastro de empresas (data original desconhecida),,,2026-06-26 17:33:52.697246+00,2026-06-26 17:33:52.697246+00
c55d5c51-85c4-47fd-948d-b0d82af886df,31096307000161,AAA,,,,Importação legada do cadastro de empresas (data original desconhecida),,,2026-06-26 17:33:52.697246+00,2026-06-26 17:33:52.697246+00
edde05d0-70ad-4f69-aa97-8d2ca417fd43,15286382000139,AAA,,,,Importação legada do cadastro de empresas (data original desconhecida),,,2026-06-26 17:33:52.697246+00,2026-06-26 17:33:52.697246+00
d75909b0-c273-41c3-8425-3b7a4e2c310c,17339410000164,Retirado,,,,Importação legada do cadastro de empresas (data original desconhecida),,,2026-06-26 17:33:52.697246+00,2026-06-26 17:33:52.697246+00
0b5e8e73-36e8-41e8-8bc8-86b70c8c5e7d,31231893000100,AA+,,,,Importação legada do cadastro de empresas (data original desconhecida),,,2026-06-26 17:33:52.697246+00,2026-06-26 17:33:52.697246+00
30bd59c0-f7d0-4918-ba38-180e5d1a0e2b,31231479000109,AAA,,,,Importação legada do cadastro de empresas (data original desconhecida),,,2026-06-26 17:33:52.697246+00,2026-06-26 17:33:52.697246+00
6f72a579-115f-422a-af4a-3530e7688544,40215231000137,AAA,,,,Importação legada do cadastro de empresas (data original desconhecida),,,2026-06-26 17:33:52.697246+00,2026-06-26 17:33:52.697246+00
808e29c9-3904-4d74-8ab2-1c995f16cd0e,23541412000134,A+,,,,Importação legada do cadastro de empresas (data original desconhecida),,,2026-06-26 17:33:52.697246+00,2026-06-26 17:33:52.697246+00
75c2fe55-04ec-46ca-a449-e4a600aed9dc,12592831000189,AAA,,,,Importação legada do cadastro de empresas (data original desconhecida),,,2026-06-26 17:33:52.697246+00,2026-06-26 17:33:52.697246+00
5297adaf-61db-4799-bfe1-972551498823,26659061000159,A-,,,,Importação legada do cadastro de empresas (data original desconhecida),,,2026-06-26 17:33:52.697246+00,2026-06-26 17:33:52.697246+00
fd49f9c4-325e-4368-ad53-eb45aaf42bc4,01417222000177,Retirado,,,,Importação legada do cadastro de empresas (data original desconhecida),,,2026-06-26 17:33:52.697246+00,2026-06-26 17:33:52.697246+00
66e74ea0-5750-4191-b5c7-e643e67dcc7f,07816890000153,Retirado,,,,Importação legada do cadastro de empresas (data original desconhecida),,,2026-06-26 17:33:52.697246+00,2026-06-26 17:33:52.697246+00
563885a1-8ef8-4b78-99b7-15bbd6e91c26,71673990000177,AAA,,,,Importação legada do cadastro de empresas (data original desconhecida),,,2026-06-26 17:33:52.697246+00,2026-06-26 17:33:52.697246+00
2047a8d1-e715-4585-8c9b-c25d49225d1d,04023261000188,AA+,,,,Importação legada do cadastro de empresas (data original desconhecida),,,2026-06-26 17:33:52.697246+00,2026-06-26 17:33:52.697246+00
a617b2f7-30bf-4d47-893f-03328b704621,07522669000192,AAA,,,,Importação legada do cadastro de empresas (data original desconhecida),,,2026-06-26 17:33:52.697246+00,2026-06-26 17:33:52.697246+00
4f53f915-f088-4ec6-a0f1-1312c9bdd795,28438834000100,AA+,,,,Importação legada do cadastro de empresas (data original desconhecida),,,2026-06-26 17:33:52.697246+00,2026-06-26 17:33:52.697246+00
fc0a8bae-c076-4848-83f9-7073ff32afa9,09625321000156,AAA,,,,Importação legada do cadastro de empresas (data original desconhecida),,,2026-06-26 17:33:52.697246+00,2026-06-26 17:33:52.697246+00
ec6e5559-fdb1-4baa-afed-68cd4781e43e,12300288000107,A,,,,Importação legada do cadastro de empresas (data original desconhecida),,,2026-06-26 17:33:52.697246+00,2026-06-26 17:33:52.697246+00
2f25f3a4-6429-4bfb-bd17-ba34a1dcd6cd,04992714000184,AAA,,,,Importação legada do cadastro de empresas (data original desconhecida),,,2026-06-26 17:33:52.697246+00,2026-06-26 17:33:52.697246+00
2e9f46c0-fcbb-47c8-8b0b-e779854bc5c0,45688565000141,AAA,,,,Importação legada do cadastro de empresas (data original desconhecida),,,2026-06-26 17:33:52.697246+00,2026-06-26 17:33:52.697246+00
005c1eea-d4ac-4653-939e-8096c148fece,32021201000161,A,,,,Importação legada do cadastro de empresas (data original desconhecida),,,2026-06-26 17:33:52.697246+00,2026-06-26 17:33:52.697246+00
e91ac3f9-5bb6-4704-985d-c3f92f2a3ecb,03279285000130,AA+,,,,Importação legada do cadastro de empresas (data original desconhecida),,,2026-06-26 17:33:52.697246+00,2026-06-26 17:33:52.697246+00
84e7cb83-b4dc-4a0b-8eda-35ba29514059,35198517000111,AA-,,,,Importação legada do cadastro de empresas (data original desconhecida),,,2026-06-26 17:33:52.697246+00,2026-06-26 17:33:52.697246+00
3c82ddbc-62a9-4ad4-935c-ffd84d2abfcd,18080368000172,A,,,,Importação legada do cadastro de empresas (data original desconhecida),,,2026-06-26 17:33:52.697246+00,2026-06-26 17:33:52.697246+00
9f5221f7-c027-4e13-9727-3894208e9e0c,32184487000104,AA+,,,,Importação legada do cadastro de empresas (data original desconhecida),,,2026-06-26 17:33:52.697246+00,2026-06-26 17:33:52.697246+00
adfcfbef-5835-408f-a777-af6af1e532b3,01691945000160,A,,,,Importação legada do cadastro de empresas (data original desconhecida),,,2026-06-26 17:33:52.697246+00,2026-06-26 17:33:52.697246+00
b4ccbd23-16b8-4066-b0e9-d987ad1c912e,17553029000101,AAA,,,,Importação legada do cadastro de empresas (data original desconhecida),,,2026-06-26 17:33:52.697246+00,2026-06-26 17:33:52.697246+00
e6518c72-588f-4f73-b991-bcc379216a91,32667691000178,AAA,,,,Importação legada do cadastro de empresas (data original desconhecida),,,2026-06-26 17:33:52.697246+00,2026-06-26 17:33:52.697246+00
3b5b67d0-0b93-4758-aa4d-e1a69224a667,34714305000187,A-,,,,Importação legada do cadastro de empresas (data original desconhecida),,,2026-06-26 17:33:52.697246+00,2026-06-26 17:33:52.697246+00
72b9b4f9-7f19-400e-b5cb-75611db6f2da,48533969000154,A,,,,Importação legada do cadastro de empresas (data original desconhecida),,,2026-06-26 17:33:52.697246+00,2026-06-26 17:33:52.697246+00
44268fb1-1a78-4e50-84f8-ea431bd0a6ef,83475913000191,BBB,,,,Importação legada do cadastro de empresas (data original desconhecida),,,2026-06-26 17:33:52.697246+00,2026-06-26 17:33:52.697246+00
9e06a2b0-bc5a-42a6-ba58-353aa976948c,22091543000102,A,,,,Importação legada do cadastro de empresas (data original desconhecida),,,2026-06-26 17:33:52.697246+00,2026-06-26 17:33:52.697246+00
8c65806d-f8d5-417c-b211-337f8a4184da,03342704000130,AAA,,,,Importação legada do cadastro de empresas (data original desconhecida),,,2026-06-26 17:33:52.697246+00,2026-06-26 17:33:52.697246+00
aa5f1b7f-0933-4050-bcc5-fa28755c3e6e,43261542000120,BBB+,,,,Importação legada do cadastro de empresas (data original desconhecida),,,2026-06-26 17:33:52.697246+00,2026-06-26 17:33:52.697246+00
ba124c59-96dd-43cd-b24b-4bd78d4c9a32,27219024000192,AAA,,,,Importação legada do cadastro de empresas (data original desconhecida),,,2026-06-26 17:33:52.697246+00,2026-06-26 17:33:52.697246+00
3c4ff2a2-5dc9-425f-a76d-bb9089bddb35,25117259000148,AAA,,,,Importação legada do cadastro de empresas (data original desconhecida),,,2026-06-26 17:33:52.697246+00,2026-06-26 17:33:52.697246+00
0f2cd0e6-e469-45b9-8c3f-231f73851531,08807676000101,Retirado,,,,Importação legada do cadastro de empresas (data original desconhecida),,,2026-06-26 17:33:52.697246+00,2026-06-26 17:33:52.697246+00
30c136ef-4baa-417b-85e1-a17804577a71,07081291000139,AAA,,,,Importação legada do cadastro de empresas (data original desconhecida),,,2026-06-26 17:33:52.697246+00,2026-06-26 17:33:52.697246+00
0faa1aff-f195-4b31-97f1-4323b9d128aa,42165941000125,AAA,,,,Importação legada do cadastro de empresas (data original desconhecida),,,2026-06-26 17:33:52.697246+00,2026-06-26 17:33:52.697246+00
1bdb0cd0-b00e-458c-b744-5a9bccdf0588,08926302000105,AAA,,,,Importação legada do cadastro de empresas (data original desconhecida),,,2026-06-26 17:33:52.697246+00,2026-06-26 17:33:52.697246+00
ea5f4f5a-88b3-4833-b4a3-8282a5b44ff5,02382073000110,A,,,,Importação legada do cadastro de empresas (data original desconhecida),,,2026-06-26 17:33:52.697246+00,2026-06-26 17:33:52.697246+00
e9c20f03-0866-4bc5-9afd-11d839d669b3,48534024000157,AAA,,,,Importação legada do cadastro de empresas (data original desconhecida),,,2026-06-26 17:33:52.697246+00,2026-06-26 17:33:52.697246+00
71516074-127c-443c-a96f-9056e108f161,13733490000187,A,,,,Importação legada do cadastro de empresas (data original desconhecida),,,2026-06-26 17:33:52.697246+00,2026-06-26 17:33:52.697246+00
2c7b9638-1ea6-4c5a-b2d3-dbbbf1c69948,11992680000193,AA,,,,Importação legada do cadastro de empresas (data original desconhecida),,,2026-06-26 17:33:52.697246+00,2026-06-26 17:33:52.697246+00
c3224e48-8e9a-42dd-9ca0-a90d808be5dd,28367479000118,AA+,,,,Importação legada do cadastro de empresas (data original desconhecida),,,2026-06-26 17:33:52.697246+00,2026-06-26 17:33:52.697246+00
9b986922-c34e-41e2-939c-4aa691b9f94b,08140348000196,AA-,,,,Importação legada do cadastro de empresas (data original desconhecida),,,2026-06-26 17:33:52.697246+00,2026-06-26 17:33:52.697246+00
ba7c9cf9-fc2a-4131-9d8e-86fb3fb1bded,61585865000151,AAA,,,,Importação legada do cadastro de empresas (data original desconhecida),,,2026-06-26 17:33:52.697246+00,2026-06-26 17:33:52.697246+00
504bcc7b-7c5b-442d-977b-fc3a104b0184,08070508000178,AAA,,,,Importação legada do cadastro de empresas (data original desconhecida),,,2026-06-26 17:33:52.697246+00,2026-06-26 17:33:52.697246+00
6644d640-f5c8-4a96-b4f1-dce86529564e,33453598000123,C,,,,Importação legada do cadastro de empresas (data original desconhecida),,,2026-06-26 17:33:52.697246+00,2026-06-26 17:33:52.697246+00
574cc468-b4ee-4c5b-b2e1-bc476fa5f0c2,89086144001198,AAA,,,,Importação legada do cadastro de empresas (data original desconhecida),,,2026-06-26 17:33:52.697246+00,2026-06-26 17:33:52.697246+00
40f3f136-995a-40b2-95bf-38d9cc0e50d2,42596330000131,AA,,,,Importação legada do cadastro de empresas (data original desconhecida),,,2026-06-26 17:33:52.697246+00,2026-06-26 17:33:52.697246+00
f7d3e6d4-dc33-4be5-b7b0-b0da23b138e6,61584140000149,Retirado,,,,Importação legada do cadastro de empresas (data original desconhecida),,,2026-06-26 17:33:52.697246+00,2026-06-26 17:33:52.697246+00
508940ad-a1d6-4ee3-bdf8-906464a6771d,02016440000162,AAA,,,,Importação legada do cadastro de empresas (data original desconhecida),,,2026-06-26 17:33:52.697246+00,2026-06-26 17:33:52.697246+00
b3dae1c2-469c-45a5-9704-ec2b88aec541,51715706000170,AAA,,,,Importação legada do cadastro de empresas (data original desconhecida),,,2026-06-26 17:33:52.697246+00,2026-06-26 17:33:52.697246+00
9d4256c1-724a-40e8-9bd0-4ff16a621cb4,31711512000190,AA+,,,,Importação legada do cadastro de empresas (data original desconhecida),,,2026-06-26 17:33:52.697246+00,2026-06-26 17:33:52.697246+00
42dbbf85-5e0c-4703-8e92-ddba7bb36f81,08147388000160,BBB+,,,,Importação legada do cadastro de empresas (data original desconhecida),,,2026-06-26 17:33:52.697246+00,2026-06-26 17:33:52.697246+00
b6c312a9-00b9-41d6-8355-2653ec7ac90d,08147432000131,BB+,,,,Importação legada do cadastro de empresas (data original desconhecida),,,2026-06-26 17:33:52.697246+00,2026-06-26 17:33:52.697246+00
d3085e9a-940f-410c-a4bb-203349a25efa,40480481000102,D,,,,Importação legada do cadastro de empresas (data original desconhecida),,,2026-06-26 17:33:52.697246+00,2026-06-26 17:33:52.697246+00
d7da611b-2d5a-4a25-a507-e53c71257428,23096269000119,AAA,,,,Importação legada do cadastro de empresas (data original desconhecida),,,2026-06-26 17:33:52.697246+00,2026-06-26 17:33:52.697246+00
19958920-ea83-40ee-a4ff-67f8a31cb361,02998301000181,AAA,,,,Importação legada do cadastro de empresas (data original desconhecida),,,2026-06-26 17:33:52.697246+00,2026-06-26 17:33:52.697246+00
d6471621-4531-48e0-a664-93cb294629ff,42292007000174,AAA,,,,Importação legada do cadastro de empresas (data original desconhecida),,,2026-06-26 17:33:52.697246+00,2026-06-26 17:33:52.697246+00
59588e48-2c0c-4609-8a6d-fb1bba0dd351,41508382000146,AA+,,,,Importação legada do cadastro de empresas (data original desconhecida),,,2026-06-26 17:33:52.697246+00,2026-06-26 17:33:52.697246+00
bf445845-2ecf-4857-be4b-a1c572f19479,03497792000140,AA,,,,Importação legada do cadastro de empresas (data original desconhecida),,,2026-06-26 17:33:52.697246+00,2026-06-26 17:33:52.697246+00
c92a5453-f730-479f-8840-b6ac5e7d312b,21052772000147,BB,,,,Importação legada do cadastro de empresas (data original desconhecida),,,2026-06-26 17:33:52.697246+00,2026-06-26 17:33:52.697246+00
e18f24a4-360d-4d74-9a31-575df7492a3f,51715500000140,BBB-,,,,Importação legada do cadastro de empresas (data original desconhecida),,,2026-06-26 17:33:52.697246+00,2026-06-26 17:33:52.697246+00
02153583-ef54-421a-b157-ef5fc4e6fd2a,24962466000136,AAA,,,,Importação legada do cadastro de empresas (data original desconhecida),,,2026-06-26 17:33:52.697246+00,2026-06-26 17:33:52.697246+00
b5554ae2-514d-4f9e-90e7-89f99023a04e,08147946000197,CCC,,,,Importação legada do cadastro de empresas (data original desconhecida),,,2026-06-26 17:33:52.697246+00,2026-06-26 17:33:52.697246+00
16704b74-f8b3-4982-9176-82ea8b904d97,34745410000183,CCC+,,,,Importação legada do cadastro de empresas (data original desconhecida),,,2026-06-26 17:33:52.697246+00,2026-06-26 17:33:52.697246+00
d2b33f59-fdd0-4d7d-a879-426b1c3182de,15186494000118,AAA,,,,Importação legada do cadastro de empresas (data original desconhecida),,,2026-06-26 17:33:52.697246+00,2026-06-26 17:33:52.697246+00
ba75da1f-f4ab-4e50-9aec-2be51c390b28,15116321000123,A,,,,Importação legada do cadastro de empresas (data original desconhecida),,,2026-06-26 17:33:52.697246+00,2026-06-26 17:33:52.697246+00
eab4d296-6bef-45dd-bd14-334b94d8f626,06347409000165,Retirado,,,,Importação legada do cadastro de empresas (data original desconhecida),,,2026-06-26 17:33:52.697246+00,2026-06-26 17:33:52.697246+00
c2c5df19-1d5e-4fe2-b713-ecae991c2fef,28008733000191,AAA,,,,Importação legada do cadastro de empresas (data original desconhecida),,,2026-06-26 17:33:52.697246+00,2026-06-26 17:33:52.697246+00
d77d2e84-f063-4556-acb3-842bbd69c56f,01599101000193,D,,,,Importação legada do cadastro de empresas (data original desconhecida),,,2026-06-26 17:33:52.697246+00,2026-06-26 17:33:52.697246+00
52322b2b-4378-48e5-9843-19dbe7226cfd,04986320000113,AA,,,,Importação legada do cadastro de empresas (data original desconhecida),,,2026-06-26 17:33:52.697246+00,2026-06-26 17:33:52.697246+00
e1665f4f-ad68-4d9a-b52c-459fbd3788a1,42385499000142,A+,,,,Importação legada do cadastro de empresas (data original desconhecida),,,2026-06-26 17:33:52.697246+00,2026-06-26 17:33:52.697246+00
3a3d6419-1fe6-435a-a579-9b9bfa74c018,29554549000100,AAA,,,,Importação legada do cadastro de empresas (data original desconhecida),,,2026-06-26 17:33:52.697246+00,2026-06-26 17:33:52.697246+00
70cc4707-942f-4367-8ec3-b11ac91c23c2,30342595000124,AA-,,,,Importação legada do cadastro de empresas (data original desconhecida),,,2026-06-26 17:33:52.697246+00,2026-06-26 17:33:52.697246+00
2eb427ee-16fb-45b2-8d8a-6e508308feac,43386975000102,AAA,,,,Importação legada do cadastro de empresas (data original desconhecida),,,2026-06-26 17:33:52.697246+00,2026-06-26 17:33:52.697246+00
ac5668b7-45f9-45c8-a18e-9816820c0a29,20917721000178,A+,,,,Importação legada do cadastro de empresas (data original desconhecida),,,2026-06-26 17:33:52.697246+00,2026-06-26 17:33:52.697246+00
0b3c564f-0349-4c94-a33b-6dfe874c8104,23907723000174,AAA,,,,Importação legada do cadastro de empresas (data original desconhecida),,,2026-06-26 17:33:52.697246+00,2026-06-26 17:33:52.697246+00
81e9dc23-764a-4684-8408-c2a25d6e3994,23912366000132,AA+,,,,Importação legada do cadastro de empresas (data original desconhecida),,,2026-06-26 17:33:52.697246+00,2026-06-26 17:33:52.697246+00
2b87f1d1-2f1f-4e4e-86b9-155a2aeb2874,31095322000195,AAA,,,,Importação legada do cadastro de empresas (data original desconhecida),,,2026-06-26 17:33:52.697246+00,2026-06-26 17:33:52.697246+00
03c2344a-cf68-4af8-8ab1-2afa0feb7b38,40004380000157,AA,,,,Importação legada do cadastro de empresas (data original desconhecida),,,2026-06-26 17:33:52.697246+00,2026-06-26 17:33:52.697246+00
2040fe08-5c91-4049-bdb1-8e298b3499da,40263170000183,AA,,,,Importação legada do cadastro de empresas (data original desconhecida),,,2026-06-26 17:33:52.697246+00,2026-06-26 17:33:52.697246+00
d03da9d1-4066-4f30-a7d9-e7cccd300f94,48710127000120,AA,,,,Importação legada do cadastro de empresas (data original desconhecida),,,2026-06-26 17:33:52.697246+00,2026-06-26 17:33:52.697246+00
050107da-eee4-41cb-9739-ad80c922cd25,29532071000117,AAA,,,,Importação legada do cadastro de empresas (data original desconhecida),,,2026-06-26 17:33:52.697246+00,2026-06-26 17:33:52.697246+00
49b0ebf1-2a94-4f05-a6f6-e5b6fa11321c,02735385000160,D,,,,Importação legada do cadastro de empresas (data original desconhecida),,,2026-06-26 17:33:52.697246+00,2026-06-26 17:33:52.697246+00
121943b1-c8ca-4d26-97c8-63d6a1d80c97,02639850000160,AA+,,,,Importação legada do cadastro de empresas (data original desconhecida),,,2026-06-26 17:33:52.697246+00,2026-06-26 17:33:52.697246+00
c5dd12f7-fec4-436a-b303-58c73d935b90,26796760000140,AAA,,,,Importação legada do cadastro de empresas (data original desconhecida),,,2026-06-26 17:33:52.697246+00,2026-06-26 17:33:52.697246+00
954ec610-d3c9-4634-8b04-fb8d7bab62ff,02558157000162,AAA,,,,Importação legada do cadastro de empresas (data original desconhecida),,,2026-06-26 17:33:52.697246+00,2026-06-26 17:33:52.697246+00
96699182-5062-4fa9-8b5f-6394ca44cef1,47080619000117,AA+,,,,Importação legada do cadastro de empresas (data original desconhecida),,,2026-06-26 17:33:52.697246+00,2026-06-26 17:33:52.697246+00
34446169-d969-406d-ae54-bd3857489694,01115535000170,Retirado,,,,Importação legada do cadastro de empresas (data original desconhecida),,,2026-06-26 17:33:52.697246+00,2026-06-26 17:33:52.697246+00
56548614-91cd-4f42-a1ac-8adf6665c0bd,23080281000135,AAA,,,,Importação legada do cadastro de empresas (data original desconhecida),,,2026-06-26 17:33:52.697246+00,2026-06-26 17:33:52.697246+00
a96ce90c-c355-4194-8c7e-e01aa486d77f,11289590000130,Retirado,,,,Importação legada do cadastro de empresas (data original desconhecida),,,2026-06-26 17:33:52.697246+00,2026-06-26 17:33:52.697246+00
e3d915bd-4951-4357-b91f-e8118d008162,84684455000163,AA+,,,,Importação legada do cadastro de empresas (data original desconhecida),,,2026-06-26 17:33:52.697246+00,2026-06-26 17:33:52.697246+00
d74bd287-1671-48e6-97db-e35e1c92e2ce,00973749000115,AA,,,,Importação legada do cadastro de empresas (data original desconhecida),,,2026-06-26 17:33:52.697246+00,2026-06-26 17:33:52.697246+00
4e2c4019-8978-4119-8a61-29df1ff9e425,30017051000197,AAA,,,,Importação legada do cadastro de empresas (data original desconhecida),,,2026-06-26 17:33:52.697246+00,2026-06-26 17:33:52.697246+00
94346f6c-dd9b-483c-a938-f67902620dd9,53113791000122,AAA,,,,Importação legada do cadastro de empresas (data original desconhecida),,,2026-06-26 17:33:52.697246+00,2026-06-26 17:33:52.697246+00
d0b7d8a0-4397-47e5-a54a-ab83617c3e35,26796739000145,AAA,,,,Importação legada do cadastro de empresas (data original desconhecida),,,2026-06-26 17:33:52.697246+00,2026-06-26 17:33:52.697246+00
1d584aaa-7fa3-4519-b09d-bdb6ab9b6772,10553895000145,AA,,,,Importação legada do cadastro de empresas (data original desconhecida),,,2026-06-26 17:33:52.697246+00,2026-06-26 17:33:52.697246+00
3a830e4a-c878-47ec-add0-00775c567caa,10997565000149,AAA,,,,Importação legada do cadastro de empresas (data original desconhecida),,,2026-06-26 17:33:52.697246+00,2026-06-26 17:33:52.697246+00
cff5e03e-93c1-4a95-bc8d-13dd8dce4491,07859971000130,AAA,,,,Importação legada do cadastro de empresas (data original desconhecida),,,2026-06-26 17:33:52.697246+00,2026-06-26 17:33:52.697246+00
a88cfd86-ea84-4cd7-ac59-c063190cf088,21728083000100,AAA,,,,Importação legada do cadastro de empresas (data original desconhecida),,,2026-06-26 17:33:52.697246+00,2026-06-26 17:33:52.697246+00
8274ad4b-ba39-493d-8a77-d2115d1d646e,27821748000101,AAA,,,,Importação legada do cadastro de empresas (data original desconhecida),,,2026-06-26 17:33:52.697246+00,2026-06-26 17:33:52.697246+00
72477952-1e4f-4f09-bffe-9836d98d1fb1,14820905000112,AAA,,,,Importação legada do cadastro de empresas (data original desconhecida),,,2026-06-26 17:33:52.697246+00,2026-06-26 17:33:52.697246+00
0b4b1f5c-f121-48a9-a831-74577858913f,06248349000123,AAA,,,,Importação legada do cadastro de empresas (data original desconhecida),,,2026-06-26 17:33:52.697246+00,2026-06-26 17:33:52.697246+00
126e52bb-0250-4acb-99c9-937a3cbeb121,41719223000190,Retirado,,,,Importação legada do cadastro de empresas (data original desconhecida),,,2026-06-26 17:33:52.697246+00,2026-06-26 17:33:52.697246+00
42e40d4f-b8e7-49a4-ae48-b213d5ea2d77,08811643000127,A+,,,,Importação legada do cadastro de empresas (data original desconhecida),,,2026-06-26 17:33:52.697246+00,2026-06-26 17:33:52.697246+00
3acdb653-5f27-40cc-a55a-6d1908d8c17b,24870139000154,AAA,,,,Importação legada do cadastro de empresas (data original desconhecida),,,2026-06-26 17:33:52.697246+00,2026-06-26 17:33:52.697246+00
ceb50821-d4f9-4773-994d-ed77c5a33c80,34840096000118,AA,,,,Importação legada do cadastro de empresas (data original desconhecida),,,2026-06-26 17:33:52.697246+00,2026-06-26 17:33:52.697246+00
29edbdd7-bae1-4d50-9ab4-b21e46fd25aa,12130744000100,BB+,,,,Importação legada do cadastro de empresas (data original desconhecida),,,2026-06-26 17:33:52.697246+00,2026-06-26 17:33:52.697246+00
e4b84057-bfde-4bfe-b402-5b422f169882,02211906000180,Retirado,,,,Importação legada do cadastro de empresas (data original desconhecida),,,2026-06-26 17:33:52.697246+00,2026-06-26 17:33:52.697246+00
b9c1b5b2-8076-4718-88f3-9c9ec6a2994d,28008699000155,AAA,,,,Importação legada do cadastro de empresas (data original desconhecida),,,2026-06-26 17:33:52.697246+00,2026-06-26 17:33:52.697246+00
3870b749-ad50-442f-a9b2-7a83bdb8bd67,34623550000189,AAA,,,,Importação legada do cadastro de empresas (data original desconhecida),,,2026-06-26 17:33:52.697246+00,2026-06-26 17:33:52.697246+00
f5f4d4a6-610f-4b47-a503-9ea4efda03a8,35714529000151,AA+,,,,Importação legada do cadastro de empresas (data original desconhecida),,,2026-06-26 17:33:52.697246+00,2026-06-26 17:33:52.697246+00
c108de1a-5038-47cd-badd-0b912055b2a2,59115685000164,AA-,,,,Importação legada do cadastro de empresas (data original desconhecida),,,2026-06-26 17:33:52.697246+00,2026-06-26 17:33:52.697246+00
9f695ad7-d920-47ac-8c35-5b159d90732d,84683374000300,AA,,,,Importação legada do cadastro de empresas (data original desconhecida),,,2026-06-26 17:33:52.697246+00,2026-06-26 17:33:52.697246+00
854edb79-0033-4856-af42-f11c461ca558,27352303000120,Retirado,,,,Importação legada do cadastro de empresas (data original desconhecida),,,2026-06-26 17:33:52.697246+00,2026-06-26 17:33:52.697246+00
8f2bca84-1590-4372-9410-7da2511e2c68,02476026000136,AAA,,,,Importação legada do cadastro de empresas (data original desconhecida),,,2026-06-26 17:33:52.697246+00,2026-06-26 17:33:52.697246+00
f7e462aa-f2fc-47c2-8978-7dd6ed936b2f,60665981000118,AA,,,,Importação legada do cadastro de empresas (data original desconhecida),,,2026-06-26 17:33:52.697246+00,2026-06-26 17:33:52.697246+00
e0275980-3ad3-4844-a84a-4165e6c02e33,02255187000108,AA,,,,Importação legada do cadastro de empresas (data original desconhecida),,,2026-06-26 17:33:52.697246+00,2026-06-26 17:33:52.697246+00
735467da-b7af-4199-a569-43876193b2af,05303439000107,Retirado,,,,Importação legada do cadastro de empresas (data original desconhecida),,,2026-06-26 17:33:52.697246+00,2026-06-26 17:33:52.697246+00
786f66e1-b61a-4d8b-9a49-9c9619e834e7,33958695000178,AA+,,,,Importação legada do cadastro de empresas (data original desconhecida),,,2026-06-26 17:33:52.697246+00,2026-06-26 17:33:52.697246+00
2efc0e9e-644a-4728-8885-dfc9a168657f,26643756000142,A,,,,Importação legada do cadastro de empresas (data original desconhecida),,,2026-06-26 17:33:52.697246+00,2026-06-26 17:33:52.697246+00
e26f42e3-789b-4ffe-b270-322702e7cc88,23449511000190,A,,,,Importação legada do cadastro de empresas (data original desconhecida),,,2026-06-26 17:33:52.697246+00,2026-06-26 17:33:52.697246+00
98d8a805-4d79-43b5-8c0f-3b21f7571041,34395916000100,A,,,,Importação legada do cadastro de empresas (data original desconhecida),,,2026-06-26 17:33:52.697246+00,2026-06-26 17:33:52.697246+00
93b91e1b-ee01-4064-b375-0e7b605b779a,33592510000154,AAA,,,,Importação legada do cadastro de empresas (data original desconhecida),,,2026-06-26 17:33:52.697246+00,2026-06-26 17:33:52.697246+00
8484c819-311a-4336-9407-8214cf25a079,33113309000147,AA,,,,Importação legada do cadastro de empresas (data original desconhecida),,,2026-06-26 17:33:52.697246+00,2026-06-26 17:33:52.697246+00
5d1b26e5-fe30-4ed4-9ae6-aeddd0745e5e,19788923000188,AAA,,,,Importação legada do cadastro de empresas (data original desconhecida),,,2026-06-26 17:33:52.697246+00,2026-06-26 17:33:52.697246+00
b422492e-08af-4e18-ba84-66405e9a9523,41825390000116,AAA,,,,Importação legada do cadastro de empresas (data original desconhecida),,,2026-06-26 17:33:52.697246+00,2026-06-26 17:33:52.697246+00
6655b134-4806-4abc-a3fc-9666104b785c,37020274000152,AAA,,,,Importação legada do cadastro de empresas (data original desconhecida),,,2026-06-26 17:33:52.697246+00,2026-06-26 17:33:52.697246+00
d2d4186a-041c-4f4e-b058-b15e18c3f1f5,16603346000114,AAA,,,,Importação legada do cadastro de empresas (data original desconhecida),,,2026-06-26 17:33:52.697246+00,2026-06-26 17:33:52.697246+00
26d205a7-e787-480a-8b9f-0724a9593eea,15674688000162,AAA,,,,Importação legada do cadastro de empresas (data original desconhecida),,,2026-06-26 17:33:52.697246+00,2026-06-26 17:33:52.697246+00
a89ec9d5-1bc5-4693-bd93-3570bdb7583d,35865638000170,AA,,,,Importação legada do cadastro de empresas (data original desconhecida),,,2026-06-26 17:33:52.697246+00,2026-06-26 17:33:52.697246+00
726a922e-593f-44bb-9c36-7b2ae8ebc513,17875396000113,AA-,,,,Importação legada do cadastro de empresas (data original desconhecida),,,2026-06-26 17:33:52.697246+00,2026-06-26 17:33:52.697246+00
001d9a34-fdf8-46a0-ad51-0c632af141a2,35865649000150,AA,,,,Importação legada do cadastro de empresas (data original desconhecida),,,2026-06-26 17:33:52.697246+00,2026-06-26 17:33:52.697246+00
d33dadcc-5070-4322-a2ca-5d031c536453,17875156000119,AA+,,,,Importação legada do cadastro de empresas (data original desconhecida),,,2026-06-26 17:33:52.697246+00,2026-06-26 17:33:52.697246+00
d4addf99-cdbc-4804-a491-9cb681606a58,15675033000109,AA+,,,,Importação legada do cadastro de empresas (data original desconhecida),,,2026-06-26 17:33:52.697246+00,2026-06-26 17:33:52.697246+00
d4fd8580-bdfe-477c-bd0e-0e27dd9aab82,06016348000153,Retirado,,,,Importação legada do cadastro de empresas (data original desconhecida),,,2026-06-26 17:33:52.697246+00,2026-06-26 17:33:52.697246+00
3d3c5c13-8fa2-4f5c-a879-5a831d3d9b36,19729992000110,Retirado,,,,Importação legada do cadastro de empresas (data original desconhecida),,,2026-06-26 17:33:52.697246+00,2026-06-26 17:33:52.697246+00
0980213b-4b04-4edc-8496-ad5046c6ebb9,44992350000157,AA+,,,,Importação legada do cadastro de empresas (data original desconhecida),,,2026-06-26 17:33:52.697246+00,2026-06-26 17:33:52.697246+00
d3f1db62-57af-479e-a487-4e11f121aa06,43737117000165,Retirado,,,,Importação legada do cadastro de empresas (data original desconhecida),,,2026-06-26 17:33:52.697246+00,2026-06-26 17:33:52.697246+00
de83c685-ba68-438e-93ac-d515d9b294d8,42945876000150,AAA,,,,Importação legada do cadastro de empresas (data original desconhecida),,,2026-06-26 17:33:52.697246+00,2026-06-26 17:33:52.697246+00
f9338ae5-e665-4dde-a4b3-0be98d6c17e4,42937550000181,Retirado,,,,Importação legada do cadastro de empresas (data original desconhecida),,,2026-06-26 17:33:52.697246+00,2026-06-26 17:33:52.697246+00
e43022be-af70-408c-8395-f2a9e332c5eb,42938083000104,Retirado,,,,Importação legada do cadastro de empresas (data original desconhecida),,,2026-06-26 17:33:52.697246+00,2026-06-26 17:33:52.697246+00
a7598d71-8049-487f-8b2b-e3a6c8cc3cd9,49669856000143,BBB,,,,Importação legada do cadastro de empresas (data original desconhecida),,,2026-06-26 17:33:52.697246+00,2026-06-26 17:33:52.697246+00
52a7ac4a-20eb-434b-a7c7-d5981b541b55,44067725000172,A,,,,Importação legada do cadastro de empresas (data original desconhecida),,,2026-06-26 17:33:52.697246+00,2026-06-26 17:33:52.697246+00
a5c39ac0-3bf6-455f-be4e-ea5017b3dc13,40952394000100,AA+,,,,Importação legada do cadastro de empresas (data original desconhecida),,,2026-06-26 17:33:52.697246+00,2026-06-26 17:33:52.697246+00
88a2803c-10a1-4a78-b38b-5b6069d2d259,32321304000147,BB,,,,Importação legada do cadastro de empresas (data original desconhecida),,,2026-06-26 17:33:52.697246+00,2026-06-26 17:33:52.697246+00
b87cc72a-ec58-4d7b-8ea7-4d66318ba8d6,28019100000189,AAA,,,,Importação legada do cadastro de empresas (data original desconhecida),,,2026-06-26 17:33:52.697246+00,2026-06-26 17:33:52.697246+00
f3d863b8-6af9-4b3b-bcdc-fb539a0d334b,10635691000153,AA-,,,,Importação legada do cadastro de empresas (data original desconhecida),,,2026-06-26 17:33:52.697246+00,2026-06-26 17:33:52.697246+00
bdfb0b3e-cd70-41c8-ace1-570fb459af01,34274233000102,AAA,,,,Importação legada do cadastro de empresas (data original desconhecida),,,2026-06-26 17:33:52.697246+00,2026-06-26 17:33:52.697246+00
3de11221-88c2-48b5-9efc-d95f3b0b2e0e,30321883000100,AA+,,,,Importação legada do cadastro de empresas (data original desconhecida),,,2026-06-26 17:33:52.697246+00,2026-06-26 17:33:52.697246+00
58542844-575a-4496-9c2e-9708791744a9,30311116000102,AA+,,,,Importação legada do cadastro de empresas (data original desconhecida),,,2026-06-26 17:33:52.697246+00,2026-06-26 17:33:52.697246+00
f289386a-4f0e-4e5d-a9aa-e1ba9a5753fe,20512706000140,AA-,,,,Importação legada do cadastro de empresas (data original desconhecida),,,2026-06-26 17:33:52.697246+00,2026-06-26 17:33:52.697246+00
cb883b14-5d4f-4d2d-9849-a355d3b82abd,42276907000128,AAA,,,,Importação legada do cadastro de empresas (data original desconhecida),,,2026-06-26 17:33:52.697246+00,2026-06-26 17:33:52.697246+00
268baccc-89af-46f4-9839-66c1f05757c5,19943730000154,A-,,,,Importação legada do cadastro de empresas (data original desconhecida),,,2026-06-26 17:33:52.697246+00,2026-06-26 17:33:52.697246+00
15e9b88f-0f00-43a5-ac4b-c4c5a646c7e9,01637895000132,AAA,,,,Importação legada do cadastro de empresas (data original desconhecida),,,2026-06-26 17:33:52.697246+00,2026-06-26 17:33:52.697246+00
03f31a67-fa4b-4279-8b96-3a9d7b94c3f0,27316538000166,AAA,,,,Importação legada do cadastro de empresas (data original desconhecida),,,2026-06-26 17:33:52.697246+00,2026-06-26 17:33:52.697246+00
a0449937-3a00-40c9-b224-5fa2f19a27b2,23733733000130,AAA,,,,Importação legada do cadastro de empresas (data original desconhecida),,,2026-06-26 17:33:52.697246+00,2026-06-26 17:33:52.697246+00
b6208e35-9acb-4497-85b0-fa4f420f8b70,23093056000133,AAA,,,,Importação legada do cadastro de empresas (data original desconhecida),,,2026-06-26 17:33:52.697246+00,2026-06-26 17:33:52.697246+00
e3d0d5b7-6baa-4392-bced-407d627b5946,17426229000195,D,,,,Importação legada do cadastro de empresas (data original desconhecida),,,2026-06-26 17:33:52.697246+00,2026-06-26 17:33:52.697246+00
c88312ca-62a2-494e-80f9-3af9dd00588a,16838421000126,AAA,,,,Importação legada do cadastro de empresas (data original desconhecida),,,2026-06-26 17:33:52.697246+00,2026-06-26 17:33:52.697246+00
48ff545f-e4cf-47a4-80ad-1b1f764ee5c5,08807432000110,AAA,,,,Importação legada do cadastro de empresas (data original desconhecida),,,2026-06-26 17:33:52.697246+00,2026-06-26 17:33:52.697246+00
9da3e75a-2e30-481a-873b-5df0ed4e8fa1,13574594000196,AA,,,,Importação legada do cadastro de empresas (data original desconhecida),,,2026-06-26 17:33:52.697246+00,2026-06-26 17:33:52.697246+00
8c8881de-677b-4bc7-921b-9727b3f812a7,00242184000104,AA-,,,,Importação legada do cadastro de empresas (data original desconhecida),,,2026-06-26 17:33:52.697246+00,2026-06-26 17:33:52.697246+00
ab90d1a2-a100-45a3-9840-d1e8ef081853,16670085000155,AAA,,,,Importação legada do cadastro de empresas (data original desconhecida),,,2026-06-26 17:33:52.697246+00,2026-06-26 17:33:52.697246+00
9b129e45-2b7c-40ab-8526-49137b34db02,07976147000160,AA,,,,Importação legada do cadastro de empresas (data original desconhecida),,,2026-06-26 17:33:52.697246+00,2026-06-26 17:33:52.697246+00
c557e4b7-562f-495f-a97d-4771946a1afd,21314559000166,AA,,,,Importação legada do cadastro de empresas (data original desconhecida),,,2026-06-26 17:33:52.697246+00,2026-06-26 17:33:52.697246+00
bb8c1b65-c83e-4b82-bf8b-adea55dda1ac,61156113000175,AAA,,,,Importação legada do cadastro de empresas (data original desconhecida),,,2026-06-26 17:33:52.697246+00,2026-06-26 17:33:52.697246+00
150739d9-f3b9-4d48-ae17-211ba878ef7a,02502844000166,AAA,,,,Importação legada do cadastro de empresas (data original desconhecida),,,2026-06-26 17:33:52.697246+00,2026-06-26 17:33:52.697246+00
56afd960-d9f5-40c6-8d52-3b649c337fd9,02762121000104,AA+,,,,Importação legada do cadastro de empresas (data original desconhecida),,,2026-06-26 17:33:52.697246+00,2026-06-26 17:33:52.697246+00
faf32f83-0b8c-4a24-81e5-4fb84cda2540,09325109000173,AAA,,,,Importação legada do cadastro de empresas (data original desconhecida),,,2026-06-26 17:33:52.697246+00,2026-06-26 17:33:52.697246+00
95d6fd1f-2648-4930-a718-be9c6810d8b4,02451848000162,AAA,,,,Importação legada do cadastro de empresas (data original desconhecida),,,2026-06-26 17:33:52.697246+00,2026-06-26 17:33:52.697246+00
a9f583cd-c804-44fb-8f83-035b532a7ad2,58607200000197,AAA,,,,Importação legada do cadastro de empresas (data original desconhecida),,,2026-06-26 17:33:52.697246+00,2026-06-26 17:33:52.697246+00
a783338e-a1a4-45b4-929b-c9e69918bfb6,08873873000110,AAA,,,,Importação legada do cadastro de empresas (data original desconhecida),,,2026-06-26 17:33:52.697246+00,2026-06-26 17:33:52.697246+00
85b08e45-5853-43ed-ab0a-0a46994aedaf,02846056000197,AA+,,,,Importação legada do cadastro de empresas (data original desconhecida),,,2026-06-26 17:33:52.697246+00,2026-06-26 17:33:52.697246+00
2ed77f23-28e0-4cb2-a0b7-e3449396ba9e,03025305000146,AA+,,,,Importação legada do cadastro de empresas (data original desconhecida),,,2026-06-26 17:33:52.697246+00,2026-06-26 17:33:52.697246+00
99f66c4e-5859-4f97-b275-d4935d648e3a,73178600000118,AAA,,,,Importação legada do cadastro de empresas (data original desconhecida),,,2026-06-26 17:33:52.697246+00,2026-06-26 17:33:52.697246+00
54982017-3350-4def-98d1-c501bc1f2565,19403252000190,A+,,,,Importação legada do cadastro de empresas (data original desconhecida),,,2026-06-26 17:33:52.697246+00,2026-06-26 17:33:52.697246+00
c8953067-9238-4c94-9ba8-d008ef0316af,08343492000120,A+,,,,Importação legada do cadastro de empresas (data original desconhecida),,,2026-06-26 17:33:52.697246+00,2026-06-26 17:33:52.697246+00
86d14202-09c8-4f41-8cc6-02ab61e127b0,08801621000186,AA,,,,Importação legada do cadastro de empresas (data original desconhecida),,,2026-06-26 17:33:52.697246+00,2026-06-26 17:33:52.697246+00
12e9b2fa-8f9f-4e6b-9495-2e38964e5d48,04895728000180,AA,,,,Importação legada do cadastro de empresas (data original desconhecida),,,2026-06-26 17:33:52.697246+00,2026-06-26 17:33:52.697246+00
2074422d-1ac2-4d85-9469-54239ceaf847,06981180000116,AAA,,,,Importação legada do cadastro de empresas (data original desconhecida),,,2026-06-26 17:33:52.697246+00,2026-06-26 17:33:52.697246+00
9dee30a0-0b98-4e30-9a42-0fdf3a312015,04368898000106,AAA,,,,Importação legada do cadastro de empresas (data original desconhecida),,,2026-06-26 17:33:52.697246+00,2026-06-26 17:33:52.697246+00
9d2fade2-9de3-4410-ac86-fdcb0b55ae5e,15413826000150,AAA,,,,Importação legada do cadastro de empresas (data original desconhecida),,,2026-06-26 17:33:52.697246+00,2026-06-26 17:33:52.697246+00
63b4bb53-2e0f-47a2-83b0-42838f97c6b1,09095183000140,AAA,,,,Importação legada do cadastro de empresas (data original desconhecida),,,2026-06-26 17:33:52.697246+00,2026-06-26 17:33:52.697246+00
06bcd7db-279c-49c2-80cb-df954a725951,00864214000106,AAA,,,,Importação legada do cadastro de empresas (data original desconhecida),,,2026-06-26 17:33:52.697246+00,2026-06-26 17:33:52.697246+00
fd0ed757-6bb7-4541-97b7-f24d8f4b4ad1,07282377000120,AAA,,,,Importação legada do cadastro de empresas (data original desconhecida),,,2026-06-26 17:33:52.697246+00,2026-06-26 17:33:52.697246+00
d152bd94-0e69-44b5-b73f-3a6bf3e21dbc,25086034000171,AAA,,,,Importação legada do cadastro de empresas (data original desconhecida),,,2026-06-26 17:33:52.697246+00,2026-06-26 17:33:52.697246+00
bede3933-f33a-4479-8217-63cd7269ce87,01543032000104,AAA,,,,Importação legada do cadastro de empresas (data original desconhecida),,,2026-06-26 17:33:52.697246+00,2026-06-26 17:33:52.697246+00
2610353f-68c9-44cb-97d2-a64d0ec9290b,06272793000184,AAA,,,,Importação legada do cadastro de empresas (data original desconhecida),,,2026-06-26 17:33:52.697246+00,2026-06-26 17:33:52.697246+00
2dfef8f1-0a10-4a57-906c-15730a8f73ba,60444437000146,D,,,,Importação legada do cadastro de empresas (data original desconhecida),,,2026-06-26 17:33:52.697246+00,2026-06-26 17:33:52.697246+00
a13c074c-72cb-4191-a945-36fa9439a085,01083200000118,AAA,,,,Importação legada do cadastro de empresas (data original desconhecida),,,2026-06-26 17:33:52.697246+00,2026-06-26 17:33:52.697246+00
07afb09e-50ce-488c-8bdb-82fb1918cbd2,02016439000138,AAA,,,,Importação legada do cadastro de empresas (data original desconhecida),,,2026-06-26 17:33:52.697246+00,2026-06-26 17:33:52.697246+00
4deb8344-9f50-4746-ad99-13e56df8286b,09288252000132,AA,,,,Importação legada do cadastro de empresas (data original desconhecida),,,2026-06-26 17:33:52.697246+00,2026-06-26 17:33:52.697246+00
5c6c9331-08d7-483f-8737-e5af193bec68,02800026000140,AA+,,,,Importação legada do cadastro de empresas (data original desconhecida),,,2026-06-26 17:33:52.697246+00,2026-06-26 17:33:52.697246+00
d476790d-e717-462e-a5ed-2900949b430f,12009135000105,AAA,,,,Importação legada do cadastro de empresas (data original desconhecida),,,2026-06-26 17:33:52.697246+00,2026-06-26 17:33:52.697246+00
fb56095a-3768-4ad9-a8b8-614f19dc4e78,12091809000155,AA-,,,,Importação legada do cadastro de empresas (data original desconhecida),,,2026-06-26 17:33:52.697246+00,2026-06-26 17:33:52.697246+00
0c6d1fd5-5022-47c5-b26a-421c9d7f9325,08364948000138,AAA,,,,Importação legada do cadastro de empresas (data original desconhecida),,,2026-06-26 17:33:52.697246+00,2026-06-26 17:33:52.697246+00
b26dd087-5f1b-442f-9fa2-dd85f37c7cf8,00001180000126,AA,,,,Importação legada do cadastro de empresas (data original desconhecida),,,2026-06-26 17:33:52.697246+00,2026-06-26 17:33:52.697246+00
087d5d3c-3323-4687-83e1-360436ce22b5,04370282000170,AAA,,,,Importação legada do cadastro de empresas (data original desconhecida),,,2026-06-26 17:33:52.697246+00,2026-06-26 17:33:52.697246+00
97011a3f-d385-43a1-a125-75aeaf4b4861,03983431000103,AAA,,,,Importação legada do cadastro de empresas (data original desconhecida),,,2026-06-26 17:33:52.697246+00,2026-06-26 17:33:52.697246+00
2eac9ca4-bdff-4930-b8ca-557a34e29ee8,50258089000169,AAA,,,,Importação legada do cadastro de empresas (data original desconhecida),,,2026-06-26 17:33:52.697246+00,2026-06-26 17:33:52.697246+00
79d31e21-417a-463b-bb0e-dba8911421d5,23956882000169,AA+,,,,Importação legada do cadastro de empresas (data original desconhecida),,,2026-06-26 17:33:52.697246+00,2026-06-26 17:33:52.697246+00
56d7bf3e-bfd9-4d2f-9a62-ddd171598de3,09346601000125,AAA,,,,Importação legada do cadastro de empresas (data original desconhecida),,,2026-06-26 17:33:52.697246+00,2026-06-26 17:33:52.697246+00
0485fe97-9dfc-41d5-b847-534daad73355,10739356000103,AA,,,,Importação legada do cadastro de empresas (data original desconhecida),,,2026-06-26 17:33:52.697246+00,2026-06-26 17:33:52.697246+00
d35afde7-a202-4a65-8d39-6e993de082d2,61532644000115,AAA,,,,Importação legada do cadastro de empresas (data original desconhecida),,,2026-06-26 17:33:52.697246+00,2026-06-26 17:33:52.697246+00
e353dcc6-429d-47dc-80ee-4121d54d0e58,37663076000107,AA,,,,Importação legada do cadastro de empresas (data original desconhecida),,,2026-06-26 17:33:52.697246+00,2026-06-26 17:33:52.697246+00
61ed824c-15d0-4a99-9093-6fa2a13b4d3a,00194724000113,AA,,,,Importação legada do cadastro de empresas (data original desconhecida),,,2026-06-26 17:33:52.697246+00,2026-06-26 17:33:52.697246+00
24aa961e-2c3d-4814-88f4-1d79dcac2773,04128563000110,AA,,,,Importação legada do cadastro de empresas (data original desconhecida),,,2026-06-26 17:33:52.697246+00,2026-06-26 17:33:52.697246+00
cb3eaed3-e449-48cf-87d2-828c1dd1123f,24274124000123,AA+,,,,Importação legada do cadastro de empresas (data original desconhecida),,,2026-06-26 17:33:52.697246+00,2026-06-26 17:33:52.697246+00
f3e2b253-3567-4edd-969f-5dde65371995,00357038000116,AA,,,,Importação legada do cadastro de empresas (data original desconhecida),,,2026-06-26 17:33:52.697246+00,2026-06-26 17:33:52.697246+00
1cbaefb4-cd05-4a60-880e-6b34024b944d,60933603000178,AAA,,,,Importação legada do cadastro de empresas (data original desconhecida),,,2026-06-26 17:33:52.697246+00,2026-06-26 17:33:52.697246+00
3d9f5043-f3d6-43df-b27a-3fb8f37576c0,25369840000157,AAA,,,,Importação legada do cadastro de empresas (data original desconhecida),,,2026-06-26 17:33:52.697246+00,2026-06-26 17:33:52.697246+00
20d04b3d-475a-42c6-a724-7351fe9d1a37,04423567000121,AAA,,,,Importação legada do cadastro de empresas (data original desconhecida),,,2026-06-26 17:33:52.697246+00,2026-06-26 17:33:52.697246+00
87da1012-e7fb-4762-a669-81b6338b0605,09149503000106,AA,,,,Importação legada do cadastro de empresas (data original desconhecida),,,2026-06-26 17:33:52.697246+00,2026-06-26 17:33:52.697246+00
5514f196-00b9-4a3c-a009-3beb53f79ccd,18156217000150,AAA,,,,Importação legada do cadastro de empresas (data original desconhecida),,,2026-06-26 17:33:52.697246+00,2026-06-26 17:33:52.697246+00
143109d4-9d77-448c-9be0-e0681131bf72,04739720000124,AA,,,,Importação legada do cadastro de empresas (data original desconhecida),,,2026-06-26 17:33:52.697246+00,2026-06-26 17:33:52.697246+00
22198577-2b4c-4ed0-a95c-ebceded0e19f,00389481000179,AA+,,,,Importação legada do cadastro de empresas (data original desconhecida),,,2026-06-26 17:33:52.697246+00,2026-06-26 17:33:52.697246+00
bdd0a8f5-057c-4257-bc45-61b057032935,08795211000170,Sem Rating,,,,Importação legada do cadastro de empresas (data original desconhecida),,,2026-06-26 17:33:52.697246+00,2026-06-26 17:33:52.697246+00
453aac95-1ea1-4c7a-a04e-6fad7519927f,24013278000161,Sem Rating,,,,Importação legada do cadastro de empresas (data original desconhecida),,,2026-06-26 17:33:52.697246+00,2026-06-26 17:33:52.697246+00
1871367f-6ef4-4090-a8a2-c2df0945ddeb,75609123000123,AA,,,,Importação legada do cadastro de empresas (data original desconhecida),,,2026-06-26 17:33:52.697246+00,2026-06-26 17:33:52.697246+00
e35a775f-898d-4876-967f-97c113b27f3b,45736131000170,AA,,,,Importação legada do cadastro de empresas (data original desconhecida),,,2026-06-26 17:33:52.697246+00,2026-06-26 17:33:52.697246+00
5cbbd000-406e-4a72-9513-a473dbfc2336,23373000000132,AA,,,,Importação legada do cadastro de empresas (data original desconhecida),,,2026-06-26 17:33:52.697246+00,2026-06-26 17:33:52.697246+00
4476fd7e-139d-4a97-80d6-8044bbe098d4,32681371000172,AA-,,,,Importação legada do cadastro de empresas (data original desconhecida),,,2026-06-26 17:33:52.697246+00,2026-06-26 17:33:52.697246+00
2565be71-4723-4339-a22b-b915482c6e05,87870952000144,A,,,,Importação legada do cadastro de empresas (data original desconhecida),,,2026-06-26 17:33:52.697246+00,2026-06-26 17:33:52.697246+00
5fb07795-a943-42ad-94f2-65151de087af,27093558000115,AA-,,,,Importação legada do cadastro de empresas (data original desconhecida),,,2026-06-26 17:33:52.697246+00,2026-06-26 17:33:52.697246+00
76e88605-4310-4026-9fb7-5b4cd0770518,09114805000130,A-,,,,Importação legada do cadastro de empresas (data original desconhecida),,,2026-06-26 17:33:52.697246+00,2026-06-26 17:33:52.697246+00
3f7bf8fd-a2d5-48f0-94f9-5a48ffa139d7,10647979000148,AAA,,,,Importação legada do cadastro de empresas (data original desconhecida),,,2026-06-26 17:33:52.697246+00,2026-06-26 17:33:52.697246+00
2cf03fa6-bfd0-48b5-994a-ab3c8d5bbcf1,08213823000107,AA,,,,Importação legada do cadastro de empresas (data original desconhecida),,,2026-06-26 17:33:52.697246+00,2026-06-26 17:33:52.697246+00
015d5077-bd9f-4320-a17e-be71f0dab43b,33042730000104,AAA,,,,Importação legada do cadastro de empresas (data original desconhecida),,,2026-06-26 17:33:52.697246+00,2026-06-26 17:33:52.697246+00
ab391560-2305-457d-8576-782524fdda1d,08902291000115,AAA,,,,Importação legada do cadastro de empresas (data original desconhecida),,,2026-06-26 17:33:52.697246+00,2026-06-26 17:33:52.697246+00
5a5286a2-1615-4e1a-99cd-586a2756f5ea,60894730000105,AA+,,,,Importação legada do cadastro de empresas (data original desconhecida),,,2026-06-26 17:33:52.697246+00,2026-06-26 17:33:52.697246+00
aeed189c-d9c7-4dbf-8d9e-a533e4ef5784,94813102000170,AA,,,,Importação legada do cadastro de empresas (data original desconhecida),,,2026-06-26 17:33:52.697246+00,2026-06-26 17:33:52.697246+00
3802045e-c124-491d-a605-d848d3c6557b,22261473000185,AA+,,,,Importação legada do cadastro de empresas (data original desconhecida),,,2026-06-26 17:33:52.697246+00,2026-06-26 17:33:52.697246+00
fa687d8b-f0ca-49bd-aad8-7b4ced50e253,50746577000115,AAA,,,,Importação legada do cadastro de empresas (data original desconhecida),,,2026-06-26 17:33:52.697246+00,2026-06-26 17:33:52.697246+00
a7d174e3-68d7-4f09-8779-c79e005b85a2,46710597000169,AA-,,,,Importação legada do cadastro de empresas (data original desconhecida),,,2026-06-26 17:33:52.697246+00,2026-06-26 17:33:52.697246+00
82882ee5-ff2c-4c77-bde3-30f748f396f7,02635522000195,AA+,,,,Importação legada do cadastro de empresas (data original desconhecida),,,2026-06-26 17:33:52.697246+00,2026-06-26 17:33:52.697246+00
b32c49b9-38c7-4007-983f-60d2620afecc,33000167000101,AAA,,,,Importação legada do cadastro de empresas (data original desconhecida),,,2026-06-26 17:33:52.697246+00,2026-06-26 17:33:52.697246+00
40bdf0bb-9954-4b03-85eb-aa6ea6570baa,51466860000156,AAA,,,,Importação legada do cadastro de empresas (data original desconhecida),,,2026-06-26 17:33:52.697246+00,2026-06-26 17:33:52.697246+00
08594387-d9d2-4f03-a257-3d11e260ac0e,50376938000189,AA-,,,,Importação legada do cadastro de empresas (data original desconhecida),,,2026-06-26 17:33:52.697246+00,2026-06-26 17:33:52.697246+00
249b9e01-8d77-424a-94c4-9b2020c7de55,07401436000212,AA+,,,,Importação legada do cadastro de empresas (data original desconhecida),,,2026-06-26 17:33:52.697246+00,2026-06-26 17:33:52.697246+00
4dd5cfa0-b7b0-4097-b5a5-0bcca16fbbd0,16404287000155,AAA,,,,Importação legada do cadastro de empresas (data original desconhecida),,,2026-06-26 17:33:52.697246+00,2026-06-26 17:33:52.697246+00
01a5ff26-a918-4d8d-860c-e1d4d168329a,67620377000114,AAA,,,,Importação legada do cadastro de empresas (data original desconhecida),,,2026-06-26 17:33:52.697246+00,2026-06-26 17:33:52.697246+00
139f495a-9b96-4708-839d-5c5f7cd29824,17314329000120,BBB,,,,Importação legada do cadastro de empresas (data original desconhecida),,,2026-06-26 17:33:52.697246+00,2026-06-26 17:33:52.697246+00
d15d9e15-23fe-4939-a9a0-7f3bbce083a1,08827501000158,AA+,,,,Importação legada do cadastro de empresas (data original desconhecida),,,2026-06-26 17:33:52.697246+00,2026-06-26 17:33:52.697246+00
43746fbf-b3ca-4c11-b9d1-b87b6db288f8,27157474000106,AA,,,,Importação legada do cadastro de empresas (data original desconhecida),,,2026-06-26 17:33:52.697246+00,2026-06-26 17:33:52.697246+00
7bf46e09-c602-488a-accb-f6bc20811654,04089570000150,AA+,,,,Importação legada do cadastro de empresas (data original desconhecida),,,2026-06-26 17:33:52.697246+00,2026-06-26 17:33:52.697246+00
cd0ba366-cb40-4171-97cb-4d06e626526e,07040108000157,AA-,,,,Importação legada do cadastro de empresas (data original desconhecida),,,2026-06-26 17:33:52.697246+00,2026-06-26 17:33:52.697246+00
fcebfad9-7e84-47b7-9009-c6d807e55ba1,43776517000180,AAA,,,,Importação legada do cadastro de empresas (data original desconhecida),,,2026-06-26 17:33:52.697246+00,2026-06-26 17:33:52.697246+00
0d9ba09f-b24d-486b-8a8b-c5fb5a577ab2,17281106000103,AAA,,,,Importação legada do cadastro de empresas (data original desconhecida),,,2026-06-26 17:33:52.697246+00,2026-06-26 17:33:52.697246+00
5217b2bd-9cd2-4eea-a6d3-ce2e6be5b2e6,92802784000190,AA+,,,,Importação legada do cadastro de empresas (data original desconhecida),,,2026-06-26 17:33:52.697246+00,2026-06-26 17:33:52.697246+00
f16d0e36-1a60-411a-a4fa-0b8d006befa0,44854238000150,AA,,,,Importação legada do cadastro de empresas (data original desconhecida),,,2026-06-26 17:33:52.697246+00,2026-06-26 17:33:52.697246+00
25241b30-a71f-43a9-85ce-80c1783d1fc9,01616929000102,A-,,,,Importação legada do cadastro de empresas (data original desconhecida),,,2026-06-26 17:33:52.697246+00,2026-06-26 17:33:52.697246+00
b3b3e5c4-85f0-472e-aa05-aa145806b978,61486650000183,AA,,,,Importação legada do cadastro de empresas (data original desconhecida),,,2026-06-26 17:33:52.697246+00,2026-06-26 17:33:52.697246+00
1351cce7-fd0a-4d32-b4c1-281c8d2a883e,05197443000138,AAA,,,,Importação legada do cadastro de empresas (data original desconhecida),,,2026-06-26 17:33:52.697246+00,2026-06-26 17:33:52.697246+00
e3a2b146-ccf3-43fc-b36b-bf8b82ff128f,16676520000159,AA+,,,,Importação legada do cadastro de empresas (data original desconhecida),,,2026-06-26 17:33:52.697246+00,2026-06-26 17:33:52.697246+00
baec64ae-e696-41ff-a98f-a4f701e155c5,12104241000402,AA,,,,Importação legada do cadastro de empresas (data original desconhecida),,,2026-06-26 17:33:52.697246+00,2026-06-26 17:33:52.697246+00
4422e18b-62b8-4a49-89cb-b9479cb6d805,06047087000139,AAA,,,,Importação legada do cadastro de empresas (data original desconhecida),,,2026-06-26 17:33:52.697246+00,2026-06-26 17:33:52.697246+00
c3d11064-9208-4ca4-bfeb-3535bd2cedad,42278473000103,Sem Rating,,,,Importação legada do cadastro de empresas (data original desconhecida),,,2026-06-26 17:33:52.697246+00,2026-06-26 17:33:52.697246+00
46660e14-dbd2-40fd-90ff-43ac239a8544,18593815000197,Sem Rating,,,,Importação legada do cadastro de empresas (data original desconhecida),,,2026-06-26 17:33:52.697246+00,2026-06-26 17:33:52.697246+00
3a8a406e-69b0-4cfc-9ff0-f3fe6334b82e,05878397000132,AAA,,,,Importação legada do cadastro de empresas (data original desconhecida),,,2026-06-26 17:33:52.697246+00,2026-06-26 17:33:52.697246+00
1ce3e6ee-c944-4b12-b786-622489542ed5,06977745000191,AAA,,,,Importação legada do cadastro de empresas (data original desconhecida),,,2026-06-26 17:33:52.697246+00,2026-06-26 17:33:52.697246+00
13f2aeb3-f2e5-4668-be4b-83796124f9c1,51218147000193,AAA,,,,Importação legada do cadastro de empresas (data original desconhecida),,,2026-06-26 17:33:52.697246+00,2026-06-26 17:33:52.697246+00
ee6eec2e-542e-4292-959a-df614dfd8541,04212396000191,A,,,,Importação legada do cadastro de empresas (data original desconhecida),,,2026-06-26 17:33:52.697246+00,2026-06-26 17:33:52.697246+00
a45f8d31-8ccd-4e10-966a-389759fc916b,71208516000174,AA+,,,,Importação legada do cadastro de empresas (data original desconhecida),,,2026-06-26 17:33:52.697246+00,2026-06-26 17:33:52.697246+00
7a7ccaa5-4226-4d59-92c3-c39ada87077b,19796586000170,AA-,,,,Importação legada do cadastro de empresas (data original desconhecida),,,2026-06-26 17:33:52.697246+00,2026-06-26 17:33:52.697246+00
6998199e-98ae-4a68-b1bc-77000b747453,04601397000128,AA-,,,,Importação legada do cadastro de empresas (data original desconhecida),,,2026-06-26 17:33:52.697246+00,2026-06-26 17:33:52.697246+00
8551d935-a6ce-417a-ac23-62e8ec53f41e,08170849000115,A+,,,,Importação legada do cadastro de empresas (data original desconhecida),,,2026-06-26 17:33:52.697246+00,2026-06-26 17:33:52.697246+00
be8e6a1c-15e3-48e1-90a9-a607bbbdc9a2,07714104000107,A,,,,Importação legada do cadastro de empresas (data original desconhecida),,,2026-06-26 17:33:52.697246+00,2026-06-26 17:33:52.697246+00
75edc1a1-422f-47db-83ae-71d809fea9c4,02600854000134,AAA,,,,Importação legada do cadastro de empresas (data original desconhecida),,,2026-06-26 17:33:52.697246+00,2026-06-26 17:33:52.697246+00
7f105fe7-abcd-4158-bfda-b2ae018e5470,02421421000111,AAA,,,,Importação legada do cadastro de empresas (data original desconhecida),,,2026-06-26 17:33:52.697246+00,2026-06-26 17:33:52.697246+00
62c43af7-8322-4290-acbf-60bb24fc9b9b,02041460000193,AA+,,,,Importação legada do cadastro de empresas (data original desconhecida),,,2026-06-26 17:33:52.697246+00,2026-06-26 17:33:52.697246+00
cfa30998-a8e3-4bbf-a643-b7d20512d0eb,31748174000160,A+,,,,Importação legada do cadastro de empresas (data original desconhecida),,,2026-06-26 17:33:52.697246+00,2026-06-26 17:33:52.697246+00
5cf6b62d-04e4-41a3-954c-5149f1fd9b63,34622881000102,AA+,,,,Importação legada do cadastro de empresas (data original desconhecida),,,2026-06-26 17:33:52.697246+00,2026-06-26 17:33:52.697246+00
86c28621-ac53-43c3-bc6f-aba5fbd88f16,33541368000116,AAA,,,,Importação legada do cadastro de empresas (data original desconhecida),,,2026-06-26 17:33:52.697246+00,2026-06-26 17:33:52.697246+00
775741d1-1ab2-447f-90c4-0a00012333b0,28201130000101,AAA,,,,Importação legada do cadastro de empresas (data original desconhecida),,,2026-06-26 17:33:52.697246+00,2026-06-26 17:33:52.697246+00
faf443e2-9954-45ce-bf5c-9bb6f0875054,24870961000115,AAA,,,,Importação legada do cadastro de empresas (data original desconhecida),,,2026-06-26 17:33:52.697246+00,2026-06-26 17:33:52.697246+00
a6dec2ac-3fad-497e-b113-36f451469f5b,04705039000165,AAA,,,,Importação legada do cadastro de empresas (data original desconhecida),,,2026-06-26 17:33:52.697246+00,2026-06-26 17:33:52.697246+00
be7fb9be-0f37-462d-b93e-5a574448934a,02998611000104,AAA,,,,Importação legada do cadastro de empresas (data original desconhecida),,,2026-06-26 17:33:52.697246+00,2026-06-26 17:33:52.697246+00
aeb48751-bfb0-4503-8add-a749c527fb27,26617923000180,AAA,,,,Importação legada do cadastro de empresas (data original desconhecida),,,2026-06-26 17:33:52.697246+00,2026-06-26 17:33:52.697246+00
4d4578d8-eba7-4805-ab64-e05f747bebe8,19699063000106,AA,,,,Importação legada do cadastro de empresas (data original desconhecida),,,2026-06-26 17:33:52.697246+00,2026-06-26 17:33:52.697246+00
f9cf1860-3b82-400c-97f1-cf35a44d67a3,07415333000120,AA,,,,Importação legada do cadastro de empresas (data original desconhecida),,,2026-06-26 17:33:52.697246+00,2026-06-26 17:33:52.697246+00
3b6e2326-4224-48e2-8559-b5e4653d408d,00776574000156,D,,,,Importação legada do cadastro de empresas (data original desconhecida),,,2026-06-26 17:33:52.697246+00,2026-06-26 17:33:52.697246+00
21327e4d-b5f7-4c86-8f75-8499cae1257a,00776574000660,D,,,,Importação legada do cadastro de empresas (data original desconhecida),,,2026-06-26 17:33:52.697246+00,2026-06-26 17:33:52.697246+00
26e08d03-168d-4c2e-b139-68e1d3132476,28195667000106,AAA,,,,Importação legada do cadastro de empresas (data original desconhecida),,,2026-06-26 17:33:52.697246+00,2026-06-26 17:33:52.697246+00
e5c1d8fd-3203-4280-9bbb-65cdf1f7b7f7,10664513000150,AA-,,,,Importação legada do cadastro de empresas (data original desconhecida),,,2026-06-26 17:33:52.697246+00,2026-06-26 17:33:52.697246+00
7f9cfe6b-5438-4dab-aa9a-93da884f9a52,60746948000112,AAA,,,,Importação legada do cadastro de empresas (data original desconhecida),,,2026-06-26 17:33:52.697246+00,2026-06-26 17:33:52.697246+00
87800513-b482-4b38-8639-fe070337c694,30306294000145,AAA,,,,Importação legada do cadastro de empresas (data original desconhecida),,,2026-06-26 17:33:52.697246+00,2026-06-26 17:33:52.697246+00
6b502780-c4e7-4afa-b911-a6682c952095,00000000000191,AAA,,,,Importação legada do cadastro de empresas (data original desconhecida),,,2026-06-26 17:33:52.697246+00,2026-06-26 17:33:52.697246+00
8ca790f0-4386-499b-a807-fb4ee5c61897,00416968000101,AA-,,,,Importação legada do cadastro de empresas (data original desconhecida),,,2026-06-26 17:33:52.697246+00,2026-06-26 17:33:52.697246+00
f78e3502-a932-4d8e-8e63-d60533779cc3,58160789000128,AAA,,,,Importação legada do cadastro de empresas (data original desconhecida),,,2026-06-26 17:33:52.697246+00,2026-06-26 17:33:52.697246+00
3f48aadc-c05f-4cd3-bd50-4199f3acc220,90400888000142,AAA,,,,Importação legada do cadastro de empresas (data original desconhecida),,,2026-06-26 17:33:52.697246+00,2026-06-26 17:33:52.697246+00
4388212d-6e08-4fce-b7ef-3449adc1b825,59588111004443,AAA,,,,Importação legada do cadastro de empresas (data original desconhecida),,,2026-06-26 17:33:52.697246+00,2026-06-26 17:33:52.697246+00
ebcbc45b-6657-4e88-a448-f2c5e77e9004,00360305000104,AA,,,,Importação legada do cadastro de empresas (data original desconhecida),,,2026-06-26 17:33:52.697246+00,2026-06-26 17:33:52.697246+00
50fa99d1-194c-4773-b64a-9b2dfdf0b595,35522178000187,AAA,,,,Importação legada do cadastro de empresas (data original desconhecida),,,2026-06-26 17:33:52.697246+00,2026-06-26 17:33:52.697246+00
fe5a9aaa-c750-4290-856a-73773b1879b4,60872504000123,AAA,,,,Importação legada do cadastro de empresas (data original desconhecida),,,2026-06-26 17:33:52.697246+00,2026-06-26 17:33:52.697246+00
9d81ff14-141f-43d7-8004-c19390f65ee3,49916151000183,Sem Rating,,,,Importação legada do cadastro de empresas (data original desconhecida),,,2026-06-26 17:33:52.697246+00,2026-06-26 17:33:52.697246+00
c05a3cbf-cf1a-4d06-8ca4-12427ccec11a,45755835000190,B,,,,Importação legada do cadastro de empresas (data original desconhecida),,,2026-06-26 17:33:52.697246+00,2026-06-26 17:33:52.697246+00
7e27b4f4-39f1-42a9-ba8a-362a1bec6110,46655552000139,Sem Rating,,,,Importação legada do cadastro de empresas (data original desconhecida),,,2026-06-26 17:33:52.697246+00,2026-06-26 17:33:52.697246+00
18c36e8a-686f-4ddc-b2fa-e4edfc432431,59534745000183,Sem Rating,,,,Importação legada do cadastro de empresas (data original desconhecida),,,2026-06-26 17:33:52.697246+00,2026-06-26 17:33:52.697246+00
a0577677-4fb8-4500-8e2a-c4751f958cb0,33512396000105,AAA,,,,Importação legada do cadastro de empresas (data original desconhecida),,,2026-06-26 17:33:52.697246+00,2026-06-26 17:33:52.697246+00
2b3abfe2-bd19-44c5-a64e-539556641af2,42860938000121,AAA,,,,Importação legada do cadastro de empresas (data original desconhecida),,,2026-06-26 17:33:52.697246+00,2026-06-26 17:33:52.697246+00
7472de3b-773b-41f9-b631-dd0ba246c488,08417544000165,AAA,,,,Importação legada do cadastro de empresas (data original desconhecida),,,2026-06-26 17:33:52.697246+00,2026-06-26 17:33:52.697246+00
f17e4db4-738a-463a-b728-3e829faeb166,23076742000104,A,,,,Importação legada do cadastro de empresas (data original desconhecida),,,2026-06-26 17:33:52.697246+00,2026-06-26 17:33:52.697246+00
7861f44c-1685-43ed-9032-595f5d9bbc36,32222848000151,AAA,,,,Importação legada do cadastro de empresas (data original desconhecida),,,2026-06-26 17:33:52.697246+00,2026-06-26 17:33:52.697246+00
14fd61e1-128e-4ff5-9730-1113d1419879,37676161000100,AAA,,,,Importação legada do cadastro de empresas (data original desconhecida),,,2026-06-26 17:33:52.697246+00,2026-06-26 17:33:52.697246+00
8e8d897f-692e-4d15-9be5-a313094c3513,57283589000108,BBB,,,,Importação legada do cadastro de empresas (data original desconhecida),,,2026-06-26 17:33:52.697246+00,2026-06-26 17:33:52.697246+00
bc1405a9-1b24-44fc-bc19-73d287e3e235,59356952000195,AAA,,,,Importação legada do cadastro de empresas (data original desconhecida),,,2026-06-26 17:33:52.697246+00,2026-06-26 17:33:52.697246+00
d107cd07-3ab1-41df-9525-01ee3a327c0a,45445355000122,AA-,,,,Importação legada do cadastro de empresas (data original desconhecida),,,2026-06-26 17:33:52.697246+00,2026-06-26 17:33:52.697246+00
6227f941-cb39-4375-bfbf-25eb8566f597,42150391000170,AAA,,,,Importação legada do cadastro de empresas (data original desconhecida),,,2026-06-26 17:33:52.697246+00,2026-06-26 17:33:52.697246+00
bc5ff11d-19e2-4fc8-8b74-60ff0ae314ee,58035124000192,AAA,,,,Importação legada do cadastro de empresas (data original desconhecida),,,2026-06-26 17:33:52.697246+00,2026-06-26 17:33:52.697246+00
7f253036-9556-49f9-b48a-49e7780ed0b9,49936440000144,BBB-,,,,Importação legada do cadastro de empresas (data original desconhecida),,,2026-06-26 17:33:52.697246+00,2026-06-26 17:33:52.697246+00
ae75f556-be50-47ed-b0a0-6716537ab63d,40365950000134,AAA,,,,Importação legada do cadastro de empresas (data original desconhecida),,,2026-06-26 17:33:52.697246+00,2026-06-26 17:33:52.697246+00
af05b270-38b7-41f7-93c5-295d123d9aaf,58148845000109,AAA,,,,Importação legada do cadastro de empresas (data original desconhecida),,,2026-06-26 17:33:52.697246+00,2026-06-26 17:33:52.697246+00
0c692812-d164-4ca6-a6fc-cded3f778334,08632394000102,AA,,,,Importação legada do cadastro de empresas (data original desconhecida),,,2026-06-26 17:33:52.697246+00,2026-06-26 17:33:52.697246+00
461e8bbe-bfbc-44d2-8a4a-35e8fa7b3deb,17250006000110,AA,,,,Importação legada do cadastro de empresas (data original desconhecida),,,2026-06-26 17:33:52.697246+00,2026-06-26 17:33:52.697246+00
7e3e52fb-7247-4e4d-b9ad-61a5d46d4fcc,38455413000133,AA+,,,,Importação legada do cadastro de empresas (data original desconhecida),,,2026-06-26 17:33:52.697246+00,2026-06-26 17:33:52.697246+00
6dd4e92c-f750-4887-9829-3434be85b3c4,51956448000114,AAA,,,,Importação legada do cadastro de empresas (data original desconhecida),,,2026-06-26 17:33:52.697246+00,2026-06-26 17:33:52.697246+00
e0fe212f-1091-460c-a2ab-23cb69b6b709,26722650000134,AAA,,,,Importação legada do cadastro de empresas (data original desconhecida),,,2026-06-26 17:33:52.697246+00,2026-06-26 17:33:52.697246+00
9a91f8e7-5e09-44c3-a53e-083b2825c0bd,44516049000177,AAA,,,,Importação legada do cadastro de empresas (data original desconhecida),,,2026-06-26 17:33:52.697246+00,2026-06-26 17:33:52.697246+00
a4a140c1-a220-4c22-8ca1-a6d697117cb1,42154687000160,BB,,,,Importação legada do cadastro de empresas (data original desconhecida),,,2026-06-26 17:33:52.697246+00,2026-06-26 17:33:52.697246+00
5fdc5f3d-78bc-47a7-be1c-832f586093f6,43721652000128,BBB,,,,Importação legada do cadastro de empresas (data original desconhecida),,,2026-06-26 17:33:52.697246+00,2026-06-26 17:33:52.697246+00
92352937-29fe-41d3-92a8-77a99a764a31,58137246000190,AA+,,,,Importação legada do cadastro de empresas (data original desconhecida),,,2026-06-26 17:33:52.697246+00,2026-06-26 17:33:52.697246+00
9fa77e6e-42d6-4d52-a2ef-b22964450f5a,65473122000140,AA+,,,,Importação legada do cadastro de empresas (data original desconhecida),,,2026-06-26 17:33:52.697246+00,2026-06-26 17:33:52.697246+00
3388b073-3400-4a4f-b04b-f7e403b9a60d,57400405000134,Sem Rating,,,,Importação legada do cadastro de empresas (data original desconhecida),,,2026-06-26 17:33:52.697246+00,2026-06-26 17:33:52.697246+00
6e3a5843-abe9-49e1-aa7a-19f4b808051e,61186680000174,A,,,,Importação legada do cadastro de empresas (data original desconhecida),,,2026-06-26 17:33:52.697246+00,2026-06-26 17:33:52.697246+00
a81d8c4d-a40e-49bc-9961-22006b9b9248,33264668000103,AAA,,,,Importação legada do cadastro de empresas (data original desconhecida),,,2026-06-26 17:33:52.697246+00,2026-06-26 17:33:52.697246+00
dc2940f5-6c51-482a-b6a3-b7a2b85202cf,13220493000117,AA,,,,Importação legada do cadastro de empresas (data original desconhecida),,,2026-06-26 17:33:52.697246+00,2026-06-26 17:33:52.697246+00
5fb5ed6a-8414-4818-8a00-75e70371a579,22632296000104,BUTIÁ EXCELLENCE FIC FIM,,,,Importação legada do cadastro de empresas (data original desconhecida),,,2026-06-26 17:33:52.697246+00,2026-06-26 17:33:52.697246+00
6f90f54c-c572-4bd2-8d51-93b30184cd45,36436823000101,BUTIÁ FUNDAMENTAL LB,,,,Importação legada do cadastro de empresas (data original desconhecida),,,2026-06-26 17:33:52.697246+00,2026-06-26 17:33:52.697246+00
48ce2c15-ad16-4683-a274-6a779d13a77e,40897658000162,BUTIÁ PLUS,,,,Importação legada do cadastro de empresas (data original desconhecida),,,2026-06-26 17:33:52.697246+00,2026-06-26 17:33:52.697246+00
6a226c5b-98e0-43f2-861d-908715cde2d9,23225888000166,AAA,,,,Importação legada do cadastro de empresas (data original desconhecida),,,2026-06-26 17:33:52.697246+00,2026-06-26 17:33:52.697246+00
29c89517-7aef-4bfe-9747-4fb652fc97c3,22344843000148,AAA,,,,Importação legada do cadastro de empresas (data original desconhecida),,,2026-06-26 17:33:52.697246+00,2026-06-26 17:33:52.697246+00
fee526bd-4afc-421a-b147-6a6b1d5ea177,08769451000108,AA,,,,Importação legada do cadastro de empresas (data original desconhecida),,,2026-06-26 17:33:52.697246+00,2026-06-26 17:33:52.697246+00
39a1e800-8db2-4aee-9e3e-436ec68e365d,07594978000178,AA+,,,,Importação legada do cadastro de empresas (data original desconhecida),,,2026-06-26 17:33:52.697246+00,2026-06-26 17:33:52.697246+00
d681fcb7-b99b-46d6-a977-5e78ab1b6dc4,03853896000140,AAA,,,,Importação legada do cadastro de empresas (data original desconhecida),,,2026-06-26 17:33:52.697246+00,2026-06-26 17:33:52.697246+00
